accession,pred_gramneg,pred_grampos
AB002632,True,False
AB008550,True,False
AB009866,False,True
AB012573,True,False
AB012574,True,False
AB016282,False,True
AB036666,True,False
AB043678,True,False
AB043679,True,False
AB044554,False,True
AB045978,False,True
AB063393,True,False
AB102868,True,False
AB231700,True,False
AB243556,False,True
AB255436,True,False
AB259123,True,False
AB259124,True,False
AB276040,True,False
AB285204,True,False
AB362338,True,False
AB366653,True,False
AB370205,False,True
AB370268,False,True
AB374228,True,False
AB426868,True,False
AB434711,True,False
AB451219,True,False
AB472900,True,False
AB560486,True,False
AB572858,True,False
AB597179,True,False
AB605730,False,True
AB609718,False,True
AB626962,False,True
AB626963,False,True
AB647160,True,False
AB711120,False,True
AB712291,False,True
AB716666,True,False
AB720063,True,False
AB720064,True,False
AB731695,True,False
AB746912,True,False
AB757800,True,False
AB757801,True,False
AB767244,True,False
AB775548,True,False
AB775549,True,False
AB797215,True,False
AB823818,False,True
AB828698,True,False
AB853330,False,True
AB853331,False,True
AB854109,True,False
AB863625,True,False
AB897757,True,False
AB903967,False,True
AB910392,True,False
AB910393,True,False
AB910602,True,False
AB916497,True,False
AB920995,True,False
AB930182,False,True
AB931172,True,False
AB937974,True,False
AB967974,True,False
AB971354,True,False
AB981169,True,False
AB981170,True,False
AB983711,True,False
ACSJ01000013,False,True
ACSJ01000015,False,True
ACSJ01000017,False,True
ACSJ01000018,False,True
AE002163,True,False
AF009630,False,True
AF011378,False,True
AF020713,False,True
AF022214,False,True
AF059242,True,False
AF064539,True,False
AF065411,True,False
AF068845,False,True
AF069308,True,False
AF069529,True,False
AF074945,False,True
AF083977,True,False
AF085222,False,True
AF109874,False,True
AF115102,False,True
AF115103,False,True
AF125163,True,False
AF125520,True,False
AF133242,False,True
AF145054,False,True
AF155037,True,False
AF157835,True,False
AF158101,True,False
AF158600,False,True
AF165214,True,False
AF176025,False,True
AF176027,True,False
AF176028,True,False
AF176029,True,False
AF176030,True,False
AF176031,True,False
AF176032,True,False
AF176033,True,False
AF176034,True,False
AF189021,True,False
AF195902,False,True
AF217253,True,False
AF222060,True,False
AF232233,True,False
AF234172,True,False
AF234173,True,False
AF242738,False,True
AF246223,False,True
AF271693,False,True
AF299300,True,False
AF299301,True,False
AF299302,True,False
AF299303,True,False
AF299304,True,False
AF299305,True,False
AF299306,True,False
AF299307,True,False
AF299308,True,False
AF299309,True,False
AF299310,True,False
AF299311,True,False
AF299312,True,False
AF299313,True,False
AF299314,True,False
AF301375,True,False
AF304433,False,True
AF306496,True,False
AF320576,True,False
AF323668,False,True
AF323669,False,True
AF323670,False,True
AF323671,False,True
AF323672,False,True
AF323673,False,True
AF334111,True,False
AF338467,True,False
AF349457,False,True
AF396866,True,False
AF399011,True,False
AF424781,False,True
AF424782,False,True
AF424783,False,True
AF428260,False,True
AF440571,True,False
AF440695,True,False
AF447491,True,False
AF448724,True,False
AF452449,True,False
AF453500,True,False
AF454431,True,False
AF489521,False,True
AF493143,True,False
AF513032,False,True
AF513033,False,True
AF527608,True,False
AF543311,True,False
AF547430,False,True
AF547987,True,False
AJ131519,False,True
AJ242593,False,True
AJ245616,False,True
AJ251789,False,True
AJ251805,True,False
AJ270057,True,False
AJ278322,False,True
AJ298298,True,False
AJ302074,False,True
AJ304858,True,False
AJ312240,False,True
AJ344259,True,False
AJ414696,True,False
AJ421943,False,True
AJ505558,True,False
AJ536073,False,True
AJ550635,True,False
AJ556162,True,False
AJ560763,True,False
AJ564013,True,False
AJ567472,True,False
AJ609634,False,True
AJ630128,True,False
AJ635161,True,False
AJ697969,True,False
AJ748296,True,False
AJ783769,True,False
AJ842011,True,False
AJ854042,True,False
AJ875026,True,False
AJ888457,True,False
AJ969242,False,True
AJ972879,True,False
AM076770,True,False
AM084414,True,False
AM084415,True,False
AM087120,True,False
AM087121,True,False
AM087122,True,False
AM087123,True,False
AM156909,True,False
AM183667,True,False
AM265638,True,False
AM265639,True,False
AM491472,True,False
AM749121,False,True
AM749441,True,False
AM910650,True,False
AM910651,True,False
AP000363,True,False
AP001553,False,True
AP004402,True,False
AP005153,True,False
AP005154,True,False
AP008953,False,True
AP008954,False,True
AP008979,True,False
AP008983,False,True
AP008986,True,False
AP009146,True,False
AP009363,False,True
AP009390,False,True
AP009624,True,False
AP011113,True,False
AP011616,True,False
AP011617,True,False
AP011955,False,True
AP011956,False,True
AP012341,False,True
AP012529,True,False
AP012530,True,False
AP012531,True,False
AP012532,True,False
AP012533,True,False
AP012534,True,False
AP012535,True,False
AP012536,True,False
AP012537,True,False
AP012538,True,False
AP012539,True,False
AP012540,True,False
AP013029,False,True
AP013057,True,False
AP014629,True,False
AP014684,True,False
AP014693,True,False
AP014714,True,False
AP014715,True,False
AP014858,True,False
AP014887,True,False
AP014888,True,False
AP014889,True,False
AP014927,True,False
AP017903,True,False
AP017924,True,False
AP017925,True,False
AP017972,True,False
AP018361,False,True
AP018375,False,True
AP018399,True,False
AP018462,False,True
AP018463,False,True
AP018469,False,True
AP018470,False,True
AP018471,False,True
AP018476,False,True
AP018477,False,True
AP018478,False,True
AP018479,False,True
AP018485,False,True
AP018486,False,True
AP018487,False,True
AP018714,False,True
AP018715,False,True
AP018813,True,False
AP018815,True,False
AP018932,True,False
AP019415,True,False
AP019417,True,False
AP019418,True,False
AP019521,True,False
AP019522,False,True
AP019524,True,False
AP019525,True,False
AP019527,False,True
AP019535,True,False
AP019559,True,False
AP019560,False,True
AP019561,False,True
AP019562,False,True
AY007505,False,True
AY027935,True,False
AY029185,True,False
AY048850,True,False
AY052766,True,False
AY055382,True,False
AY078382,True,False
AY082070,False,True
AY095314,True,False
AY129330,False,True
AY129331,False,True
AY129332,False,True
AY129333,False,True
AY129334,False,True
AY129335,False,True
AY129336,False,True
AY129337,False,True
AY129338,False,True
AY129339,False,True
AY131267,False,True
AY133112,True,False
AY135486,True,False
AY135739,True,False
AY150271,True,False
AY176327,False,True
AY212251,False,True
AY216660,True,False
AY236756,False,True
AY242528,True,False
AY247822,True,False
AY251033,True,False
AY257527,False,True
AY264774,True,False
AY264775,True,False
AY264776,True,False
AY264777,True,False
AY264778,True,False
AY266303,True,False
AY283928,True,False
AY288927,True,False
AY299121,True,False
AY303349,True,False
AY308796,True,False
AY320035,False,True
AY328852,True,False
AY328853,True,False
AY343333,True,False
AY349011,True,False
AY357582,True,False
AY368235,True,False
AY369265,True,False
AY370673,True,False
AY370674,True,False
AY370762,True,False
AY374414,True,False
AY374448,True,False
AY375531,True,False
AY388628,True,False
AY394005,True,False
AY423772,True,False
AY453853,True,False
AY459533,False,True
AY459535,False,True
AY500152,False,True
AY500153,False,True
AY505112,True,False
AY508486,False,True
AY510084,True,False
AY526908,True,False
AY526909,True,False
AY539836,True,False
AY543070,True,False
AY569307,True,False
AY575774,True,False
AY576796,False,True
AY583234,False,True
AY583235,False,True
AY583236,False,True
AY587007,True,False
AY605066,False,True
AY605181,True,False
AY616033,True,False
AY616446,False,True
AY625898,True,False
AY657002,False,True
AY682195,False,True
AY692264,True,False
AY699705,False,True
AY701338,False,True
AY714348,True,False
AY722806,True,False
AY730274,True,False
AY739900,False,True
AY766464,False,True
AY769964,True,False
AY772740,True,False
AY855346,False,True
AY894696,False,True
AY939843,True,False
AY939844,True,False
AY940168,True,False
AY950802,True,False
AY954948,False,True
AY954949,False,True
AY954950,False,True
AY954951,False,True
AY954952,False,True
AY954953,False,True
AY954954,False,True
AY954955,False,True
AY954956,False,True
AY954957,False,True
AY954958,False,True
AY954959,False,True
AY954960,False,True
AY954961,False,True
AY954962,False,True
AY954963,False,True
AY954964,False,True
AY954965,False,True
AY954966,False,True
AY954967,False,True
AY954968,False,True
AY954969,False,True
AY954970,False,True
AY962392,True,False
AY967407,True,False
AY986977,True,False
BK000583,True,False
BK010646,True,False
BK013337,True,False
BK013338,True,False
BK013347,True,False
BK059157,True,False
BK059162,True,False
BK059895,True,False
BK061308,False,True
BK061309,False,True
BK061310,False,True
BK061311,False,True
BK061312,False,True
BK061475,True,False
BK061476,True,False
BK061477,True,False
BK061478,True,False
BK061479,True,False
BK061480,True,False
BK061585,True,False
BK061586,True,False
BK061587,True,False
BK061588,True,False
BK061589,True,False
BK061590,True,False
BK061591,True,False
BK062760,True,False
BK063464,True,False
BX571876,True,False
CAJCJZ010000002,False,True
CAJDJX010000002,False,True
CAJDJY010000002,False,True
CAJDJZ010000002,False,True
CAJDKA010000002,False,True
CAJDKB010000002,False,True
CAJDKF010000002,False,True
CAKLQA020000001,True,False
CAKLQA020000002,True,False
CAKLQA020000003,True,False
CAKLQB020000001,True,False
CAKLQB020000002,True,False
CAKLQC020000001,True,False
CAKLQD020000001,True,False
CAKLQE020000001,True,False
CAKLQF020000006,True,False
CAKLQF020000022,True,False
CAKLQF020000023,True,False
CAKLQF020000027,True,False
CAKLQF020000037,True,False
CAKLQG020000001,True,False
CAKLQH020000012,True,False
CAKLQH020000015,True,False
CAKLQH020000019,True,False
CAKLQH020000038,True,False
CAKLQH020000047,True,False
CAKLQH020000048,True,False
CAKLQH020000049,True,False
CAKLQH020000051,True,False
CAKLQH020000053,True,False
CAKLQH020000058,True,False
CAKLQH020000060,True,False
CAKLQH020000063,True,False
CP000315,False,True
CP000622,True,False
CP000623,True,False
CP000624,True,False
CP000625,True,False
CP000711,True,False
CP000917,True,False
CP002495,False,True
CP002889,False,True
CP003186,False,True
CP004084,True,False
CP008753,True,False
CP011103,False,True
CP011970,False,True
CP013282,False,True
CP013974,True,False
CP017837,True,False
CP017838,True,False
CP017905,True,False
CP017906,True,False
CP018841,False,True
CP019719,False,True
CP025874,True,False
CP025887,True,False
CP025900,True,False
CP025901,True,False
CP025902,True,False
CP025907,True,False
CP025923,True,False
CP027117,False,True
CP038007,True,False
CP045566,True,False
CP050061,False,True
CP051272,True,False
CP051275,True,False
CP051278,True,False
CP051279,True,False
CP051285,True,False
CP051288,True,False
CP052843,False,True
CP053388,True,False
CP054387,True,False
CP058330,True,False
CP058906,False,True
CP059058,True,False
CP060690,True,False
CP062422,False,True
CP062426,False,True
CP062427,False,True
CP062430,False,True
CP062434,False,True
CP062435,False,True
CP062436,False,True
CP062442,False,True
CP062444,False,True
CP062445,False,True
CP062447,False,True
CP062451,False,True
CP062454,False,True
CP062457,False,True
CP062461,False,True
CP062462,False,True
CP062992,True,False
CP063417,False,True
CP063964,False,True
CP063968,False,True
CP067347,False,True
CP067352,False,True
CP069347,False,True
CP069348,False,True
CP071049,False,True
CP072507,True,False
CP084202,True,False
CP091911,False,True
CP101890,True,False
CP101896,True,False
CP103806,False,True
CP103976,False,True
CP115737,True,False
CP124119,True,False
CP124927,False,True
CP124930,False,True
CP124934,False,True
CP124938,False,True
CP124941,False,True
CP124942,False,True
CP124949,False,True
CP124952,False,True
CP124955,False,True
CP124959,False,True
CP124962,False,True
CU468217,True,False
DQ003260,True,False
DQ003637,False,True
DQ003638,False,True
DQ003639,False,True
DQ003640,False,True
DQ003641,False,True
DQ003642,False,True
DQ004855,False,True
DQ029335,True,False
DQ054536,False,True
DQ079869,True,False
DQ079870,True,False
DQ079871,True,False
DQ079872,True,False
DQ079874,True,False
DQ079875,True,False
DQ079876,True,False
DQ079877,True,False
DQ079879,True,False
DQ085810,True,False
DQ087285,True,False
DQ111067,True,False
DQ113772,False,True
DQ114220,True,False
DQ121662,True,False
DQ123818,False,True
DQ126339,True,False
DQ149023,True,False
DQ150593,False,True
DQ163912,True,False
DQ163913,True,False
DQ163914,True,False
DQ163915,True,False
DQ163916,True,False
DQ163917,True,False
DQ203855,True,False
DQ222851,False,True
DQ222853,False,True
DQ222855,False,True
DQ227763,False,True
DQ227764,False,True
DQ289555,False,True
DQ289556,False,True
DQ320509,False,True
DQ340064,False,True
DQ372923,False,True
DQ386162,False,True
DQ394806,False,True
DQ394807,False,True
DQ394808,False,True
DQ394809,False,True
DQ394810,False,True
DQ398041,False,True
DQ398042,False,True
DQ398043,False,True
DQ398044,False,True
DQ398045,False,True
DQ398046,False,True
DQ398047,False,True
DQ398048,False,True
DQ398049,False,True
DQ398050,False,True
DQ398051,False,True
DQ398052,False,True
DQ398053,False,True
DQ426904,True,False
DQ426905,True,False
DQ431235,False,True
DQ453159,False,True
DQ466086,False,True
DQ490056,False,True
DQ499600,False,True
DQ500118,True,False
DQ517338,False,True
DQ529280,True,False
DQ530359,False,True
DQ530360,False,True
DQ530361,False,True
DQ530362,False,True
DQ535032,False,True
DQ631426,True,False
DQ674738,True,False
DQ777876,True,False
DQ785801,True,False
DQ831957,False,True
DQ832317,True,False
DQ834250,False,True
DQ836063,True,False
DQ838728,False,True
DQ840344,False,True
DQ864624,False,True
DQ873690,True,False
DQ875742,True,False
DQ904452,True,False
DQ908929,False,True
DQ997624,True,False
EF056009,True,False
EF057797,True,False
EF071488,True,False
EF108465,True,False
EF116926,False,True
EF153632,True,False
EF160123,True,False
EF177456,True,False
EF204939,True,False
EF204940,True,False
EF207558,False,True
EF372997,True,False
EF380009,True,False
EF380010,True,False
EF380011,True,False
EF380012,True,False
EF380013,True,False
EF380014,True,False
EF380015,True,False
EF380016,True,False
EF380017,True,False
EF380018,True,False
EF380019,True,False
EF380020,True,False
EF380021,True,False
EF380022,True,False
EF380023,True,False
EF380024,True,False
EF380025,True,False
EF380026,True,False
EF380027,True,False
EF380028,True,False
EF380029,True,False
EF380030,True,False
EF380031,True,False
EF380032,True,False
EF432053,True,False
EF437941,True,False
EF455602,False,True
EF460875,True,False
EF462197,False,True
EF462198,False,True
EF462199,False,True
EF469154,True,False
EF506570,False,True
EF523948,True,False
EF529515,False,True
EF536069,False,True
EF537008,True,False
EF579802,False,True
EF583821,False,True
EF602154,True,False
EU030938,True,False
EU030939,True,False
EU056923,True,False
EU078592,True,False
EU081845,False,True
EU100883,True,False
EU100884,True,False
EU124666,True,False
EU136189,False,True
EU197055,True,False
EU203571,False,True
EU221285,False,True
EU236438,True,False
EU246945,False,True
EU272036,True,False
EU272037,True,False
EU307292,True,False
EU311208,True,False
EU330206,True,False
EU340421,False,True
EU399241,True,False
EU408779,False,True
EU409559,False,True
EU418428,False,True
EU438902,False,True
EU545650,True,False
EU547803,True,False
EU568876,False,True
EU570103,True,False
EU588980,False,True
EU622808,False,True
EU652770,True,False
EU676000,False,True
EU710883,True,False
EU716414,True,False
EU717894,True,False
EU719189,False,True
EU734170,True,False
EU734171,True,False
EU734172,True,False
EU734173,True,False
EU734174,True,False
EU744248,False,True
EU744249,False,True
EU744250,False,True
EU744251,False,True
EU744252,False,True
EU770221,False,True
EU770222,False,True
EU771092,False,True
EU794049,True,False
EU816588,False,True
EU816589,False,True
EU816590,False,True
EU816591,False,True
EU822883,True,False
EU826466,False,True
EU826467,False,True
EU826468,False,True
EU826469,False,True
EU826470,False,True
EU826471,False,True
EU849489,True,False
EU855793,False,True
EU861004,False,True
EU861005,False,True
EU863408,True,False
EU863409,True,False
EU871039,False,True
EU874396,False,True
EU876853,True,False
EU877232,True,False
EU887664,False,True
EU982300,True,False
FJ000341,True,False
FJ008913,True,False
FJ168659,False,True
FJ168660,False,True
FJ168661,False,True
FJ168662,False,True
FJ174690,False,True
FJ174691,False,True
FJ174692,False,True
FJ174693,False,True
FJ174694,False,True
FJ194439,True,False
FJ226752,False,True
FJ230960,False,True
FJ236310,False,True
FJ373894,True,False
FJ409640,True,False
FJ429185,False,True
FJ483837,True,False
FJ483838,True,False
FJ483839,True,False
FJ483840,True,False
FJ483841,True,False
FJ483842,True,False
FJ483843,True,False
FJ483844,True,False
FJ539132,True,False
FJ539133,True,False
FJ539134,True,False
FJ539135,True,False
FJ591093,True,False
FJ591094,True,False
FJ641182,False,True
FJ685651,True,False
FJ706171,False,True
FJ706172,False,True
FJ713816,False,True
FJ750948,True,False
FJ792813,False,True
FJ822135,False,True
FJ839692,True,False
FJ848881,False,True
FJ848882,False,True
FJ848883,False,True
FJ848884,False,True
FJ848885,False,True
FJ849058,True,False
FJ870915,True,False
FJ870916,True,False
FJ870917,True,False
FJ896200,True,False
FJ904927,True,False
FJ937737,True,False
FJ965538,False,True
FJ973624,False,True
FJ982340,True,False
FM163528,False,True
FM164764,True,False
FM180578,True,False
FM201281,True,False
FM201282,True,False
FM207411,True,False
FM864213,False,True
FM887021,True,False
FM897211,True,False
FN263372,True,False
FN297812,True,False
FN391954,False,True
FN422398,True,False
FN422399,True,False
FN436268,True,False
FN582354,True,False
FN594518,True,False
FN667788,True,False
FN667789,True,False
FN997652,False,True
FO818745,True,False
FQ312032,True,False
FQ482083,True,False
FQ482084,True,False
FQ482085,True,False
FQ482086,True,False
FR667955,True,False
FR671405,False,True
FR671406,False,True
FR671407,False,True
FR671408,False,True
FR671409,False,True
FR671410,False,True
FR671411,False,True
FR682616,True,False
FR687252,True,False
FR725450,True,False
FR751545,True,False
FR775895,True,False
FR823298,True,False
FR823450,True,False
FR852584,False,True
GQ141189,False,True
GQ149088,True,False
GQ153912,True,False
GQ153913,True,False
GQ153914,True,False
GQ153915,True,False
GQ153920,True,False
GQ153921,True,False
GQ153922,True,False
GQ153923,True,False
GQ241246,False,True
GQ303259,False,True
GQ303260,False,True
GQ303261,False,True
GQ303262,False,True
GQ303263,False,True
GQ303264,False,True
GQ303265,False,True
GQ303266,False,True
GQ334450,True,False
GQ357915,True,False
GQ357916,True,False
GQ379227,False,True
GQ398772,False,True
GQ403788,False,True
GQ403789,True,False
GQ413937,True,False
GQ413938,True,False
GQ421471,True,False
GQ422450,True,False
GQ422451,True,False
GQ443085,False,True
GQ451696,False,True
GQ452243,False,True
GQ468526,True,False
GQ478081,False,True
GQ478082,False,True
GQ478083,False,True
GQ478084,False,True
GQ478085,False,True
GQ478086,False,True
GQ478087,False,True
GQ478088,False,True
GQ502199,True,False
GQ866233,True,False
GQ900512,False,True
GQ915271,False,True
GQ919031,False,True
GQ979703,False,True
GQ981382,True,False
GU060500,False,True
GU070616,True,False
GU071090,True,False
GU071091,True,False
GU071092,True,False
GU071094,True,False
GU071095,True,False
GU071096,True,False
GU071097,True,False
GU071098,True,False
GU071099,True,False
GU071100,True,False
GU071101,True,False
GU071102,True,False
GU071103,True,False
GU071104,True,False
GU071105,True,False
GU071106,True,False
GU071107,True,False
GU071108,True,False
GU075905,True,False
GU080336,True,False
GU169904,True,False
GU196277,True,False
GU196278,True,False
GU196279,True,False
GU196280,True,False
GU196281,True,False
GU229986,False,True
GU233956,False,True
GU247132,False,True
GU247133,False,True
GU247134,False,True
GU295964,True,False
GU296433,True,False
GU321093,True,False
GU323318,True,False
GU323708,False,True
GU385905,True,False
GU393987,True,False
GU396103,True,False
GU459069,True,False
GU477322,False,True
GU557055,True,False
GU573886,True,False
GU580940,False,True
GU580941,False,True
GU580942,False,True
GU580943,False,True
GU583987,True,False
GU595417,True,False
GU815091,True,False
GU815339,False,True
GU903191,True,False
GU911303,True,False
GU911304,True,False
GU911519,True,False
GU936714,True,False
GU936715,True,False
GU942563,True,False
GU949551,False,True
GU967410,False,True
GU988610,True,False
HE580237,True,False
HE580238,True,False
HE600015,True,False
HE608841,True,False
HE611333,True,False
HE614281,False,True
HE614282,False,True
HE664024,True,False
HE681887,True,False
HE775250,True,False
HE806280,True,False
HE815464,True,False
HE861935,False,True
HE956704,False,True
HE956707,True,False
HE956708,True,False
HE956709,True,False
HE956710,True,False
HE956711,True,False
HE962497,False,True
HE978309,True,False
HE983844,True,False
HE983845,True,False
HF543949,True,False
HF563658,False,True
HF569088,True,False
HF569089,True,False
HF569090,True,False
HF569091,True,False
HF569092,True,False
HF937074,False,True
HG007973,True,False
HG315669,True,False
HG322870,True,False
HG380752,False,True
HG424323,False,True
HG428758,True,False
HG518155,True,False
HG531805,False,True
HG792102,True,False
HG792103,True,False
HG792104,True,False
HG792105,True,False
HG793132,True,False
HG796219,True,False
HG796220,True,False
HG796221,True,False
HG796225,False,True
HG798806,True,False
HG798901,False,True
HG799490,False,True
HG799496,False,True
HG799497,False,True
HG803181,True,False
HG803182,True,False
HG803183,True,False
HG803184,True,False
HG803185,True,False
HG813241,True,False
HG818823,True,False
HG818824,True,False
HG934469,True,False
HG934470,True,False
HG962375,True,False
HG962376,True,False
HG992588,True,False
HG994092,True,False
HM004124,True,False
HM029250,False,True
HM032710,True,False
HM035024,True,False
HM035025,True,False
HM064452,True,False
HM071924,True,False
HM072038,False,True
HM114277,False,True
HM114315,True,False
HM134276,True,False
HM137666,True,False
HM144385,False,True
HM144386,False,True
HM144387,False,True
HM150760,True,False
HM151342,True,False
HM152763,False,True
HM152764,False,True
HM152765,False,True
HM152766,False,True
HM152767,False,True
HM159959,False,True
HM173637,True,False
HM208537,True,False
HM242243,False,True
HM368260,True,False
HM452125,True,False
HM452126,True,False
HM461982,True,False
HM480106,True,False
HM480846,True,False
HM486077,False,True
HM559717,True,False
HM563683,True,False
HM568888,False,True
HM588722,True,False
HM596271,False,True
HM624080,True,False
HM640230,False,True
HM753658,True,False
HM753659,True,False
HM753660,True,False
HM753661,True,False
HM753662,True,False
HM753663,True,False
HM753664,True,False
HM753665,True,False
HM753666,True,False
HM753667,True,False
HM753668,True,False
HM753669,True,False
HM753670,True,False
HM753671,True,False
HM753672,True,False
HM753673,True,False
HM753674,True,False
HM753675,True,False
HM753676,True,False
HM753677,True,False
HM753678,True,False
HM753679,True,False
HM753680,True,False
HM753681,True,False
HM753682,True,False
HM753683,True,False
HM753684,True,False
HM753685,True,False
HM753686,True,False
HM753687,True,False
HM753688,True,False
HM753689,True,False
HM753690,True,False
HM753691,True,False
HM753692,True,False
HM753693,True,False
HM753694,True,False
HM753695,True,False
HM753696,True,False
HM753697,True,False
HM753698,True,False
HM753699,True,False
HM753700,True,False
HM753701,True,False
HM753702,True,False
HM753703,True,False
HM753704,True,False
HM753705,True,False
HM753706,True,False
HM753707,True,False
HM753708,True,False
HM753709,True,False
HM753710,True,False
HM753711,True,False
HM753712,True,False
HM753713,True,False
HM753714,True,False
HM753715,True,False
HM753716,True,False
HM753717,True,False
HM753718,True,False
HM755814,False,True
HM770079,True,False
HM775306,True,False
HM775307,True,False
HM775308,True,False
HM775309,True,False
HM775310,True,False
HM775311,True,False
HM997019,True,False
HM997020,True,False
HQ110083,True,False
HQ110084,True,False
HQ127381,False,True
HQ141410,False,True
HQ141411,False,True
HQ163896,False,True
HQ186308,True,False
HQ201307,True,False
HQ201308,True,False
HQ224500,True,False
HQ225832,True,False
HQ259103,True,False
HQ259105,True,False
HQ268735,False,True
HQ316579,True,False
HQ316580,True,False
HQ316581,True,False
HQ316582,True,False
HQ316583,True,False
HQ316584,True,False
HQ316603,True,False
HQ316604,True,False
HQ317290,True,False
HQ317291,True,False
HQ317292,True,False
HQ317383,True,False
HQ317384,True,False
HQ317385,True,False
HQ317386,True,False
HQ317387,True,False
HQ317388,True,False
HQ317389,True,False
HQ317390,True,False
HQ317391,True,False
HQ317392,True,False
HQ317393,True,False
HQ331142,True,False
HQ332136,True,False
HQ332137,True,False
HQ332138,False,True
HQ332139,True,False
HQ332140,True,False
HQ332141,True,False
HQ332142,True,False
HQ333270,True,False
HQ337021,True,False
HQ337022,True,False
HQ377372,True,False
HQ377373,True,False
HQ396194,True,False
HQ403646,False,True
HQ406778,True,False
HQ424691,True,False
HQ615693,True,False
HQ630627,True,False
HQ632825,True,False
HQ632857,True,False
HQ632858,True,False
HQ632859,True,False
HQ632860,True,False
HQ633071,True,False
HQ634152,True,False
HQ634156,True,False
HQ634157,True,False
HQ634174,True,False
HQ634175,True,False
HQ634176,True,False
HQ634177,True,False
HQ634178,True,False
HQ634187,True,False
HQ634188,True,False
HQ634189,True,False
HQ634190,True,False
HQ634191,True,False
HQ634192,True,False
HQ634193,True,False
HQ634194,True,False
HQ634195,True,False
HQ634196,True,False
HQ641340,True,False
HQ641341,True,False
HQ641342,True,False
HQ641343,True,False
HQ641344,True,False
HQ641345,True,False
HQ641346,True,False
HQ641347,True,False
HQ641348,True,False
HQ641349,True,False
HQ641350,True,False
HQ641351,True,False
HQ641352,True,False
HQ641353,True,False
HQ641354,True,False
HQ641380,True,False
HQ665011,True,False
HQ683709,True,False
HQ698895,True,False
HQ698922,True,False
HQ711984,True,False
HQ711985,True,False
HQ728263,True,False
HQ728264,True,False
HQ728265,True,False
HQ728266,True,False
HQ728524,False,True
HQ829472,True,False
HQ832595,True,False
HQ906662,True,False
HQ906663,True,False
HQ906664,True,False
HQ918180,True,False
J02451,True,False
J02459,True,False
J02482,True,False
JF270478,True,False
JF314845,True,False
JF317274,True,False
JF344709,True,False
JF461087,True,False
JF501022,True,False
JF704091,False,True
JF704092,False,True
JF704093,False,True
JF704094,False,True
JF704095,False,True
JF704096,False,True
JF704097,False,True
JF704098,False,True
JF704099,False,True
JF704100,False,True
JF704101,False,True
JF704102,False,True
JF704103,False,True
JF704104,False,True
JF704105,False,True
JF704106,False,True
JF704107,False,True
JF704108,False,True
JF704109,False,True
JF704110,False,True
JF704111,False,True
JF704112,False,True
JF704113,False,True
JF704114,False,True
JF704115,False,True
JF704116,False,True
JF704117,False,True
JF712866,True,False
JF713456,True,False
JF719726,True,False
JF719727,True,False
JF719728,True,False
JF719729,True,False
JF719730,True,False
JF719731,True,False
JF719732,True,False
JF719733,True,False
JF719734,True,False
JF731128,False,True
JF734911,True,False
JF744988,False,True
JF767208,False,True
JF767209,False,True
JF767210,False,True
JF770475,True,False
JF773396,True,False
JF792674,False,True
JF832915,True,False
JF900176,True,False
JF912400,True,False
JF917095,True,False
JF923796,False,True
JF923797,False,True
JF937090,False,True
JF937091,False,True
JF937092,False,True
JF937093,False,True
JF937094,False,True
JF937095,False,True
JF937096,False,True
JF937097,False,True
JF937098,False,True
JF937099,False,True
JF937100,False,True
JF937101,False,True
JF937102,False,True
JF937103,False,True
JF937104,False,True
JF937105,False,True
JF937106,False,True
JF937107,False,True
JF937108,False,True
JF937109,False,True
JF937110,False,True
JF939047,True,False
JF946695,False,True
JF957056,False,True
JF957057,False,True
JF957058,False,True
JF957059,False,True
JF957060,False,True
JF966203,False,True
JF974286,True,False
JF974287,True,False
JF974288,True,False
JF974289,True,False
JF974292,True,False
JF974293,True,False
JF974294,True,False
JF974295,True,False
JF974296,True,False
JF974299,True,False
JF974307,True,False
JF974308,True,False
JF974312,True,False
JF974313,True,False
JF974314,True,False
JF974315,True,False
JF974321,True,False
JF974339,True,False
JN006061,False,True
JN006062,False,True
JN006063,False,True
JN006064,False,True
JN020140,False,True
JN020141,False,True
JN020142,False,True
JN020143,False,True
JN022534,True,False
JN035618,False,True
JN049605,False,True
JN051154,False,True
JN083852,False,True
JN083853,False,True
JN116822,False,True
JN116823,False,True
JN116824,False,True
JN116825,False,True
JN116826,False,True
JN116827,False,True
JN116828,False,True
JN126049,True,False
JN132397,True,False
JN153085,False,True
JN153086,False,True
JN175269,True,False
JN185608,False,True
JN190960,True,False
JN191664,False,True
JN192400,False,True
JN192401,False,True
JN192463,False,True
JN201525,False,True
JN202312,True,False
JN204348,False,True
JN225449,True,False
JN243855,False,True
JN243856,False,True
JN243857,False,True
JN254800,True,False
JN254801,True,False
JN255163,True,False
JN256079,False,True
JN371768,True,False
JN371769,True,False
JN377894,True,False
JN377895,True,False
JN382248,False,True
JN391180,True,False
JN391441,False,True
JN398368,False,True
JN398369,False,True
JN408459,False,True
JN408460,False,True
JN408461,False,True
JN412588,False,True
JN412589,False,True
JN412590,False,True
JN412591,False,True
JN412592,False,True
JN412593,False,True
JN542517,False,True
JN561150,False,True
JN564907,True,False
JN572061,False,True
JN572689,False,True
JN585957,True,False
JN593240,True,False
JN600672,False,True
JN600960,True,False
JN618996,False,True
JN624850,False,True
JN624851,False,True
JN627160,True,False
JN638751,False,True
JN638752,False,True
JN638753,False,True
JN641803,True,False
JN643714,False,True
JN651747,True,False
JN654439,False,True
JN660814,False,True
JN662425,True,False
JN672684,True,False
JN673056,True,False
JN680858,False,True
JN687951,False,True
JN698989,False,True
JN698990,False,True
JN698991,False,True
JN698992,False,True
JN698993,False,True
JN698994,False,True
JN698995,False,True
JN698996,False,True
JN698997,False,True
JN698998,False,True
JN698999,False,True
JN699000,False,True
JN699001,False,True
JN699002,False,True
JN699003,False,True
JN699004,False,True
JN699005,False,True
JN699006,False,True
JN699007,False,True
JN699008,False,True
JN699009,False,True
JN699010,False,True
JN699011,False,True
JN699012,False,True
JN699013,False,True
JN699014,False,True
JN699015,False,True
JN699016,False,True
JN699017,False,True
JN699018,False,True
JN699019,False,True
JN699625,False,True
JN699626,False,True
JN699627,False,True
JN699628,False,True
JN700519,False,True
JN700520,False,True
JN700521,False,True
JN712910,False,True
JN790865,False,True
JN797796,False,True
JN797797,False,True
JN797798,False,True
JN800508,False,True
JN808773,True,False
JN811560,True,False
JN831653,False,True
JN831654,False,True
JN848801,True,False
JN849462,True,False
JN859129,False,True
JN871591,True,False
JN880423,True,False
JN882264,True,False
JN882265,True,False
JN882266,True,False
JN882267,True,False
JN882284,True,False
JN882285,True,False
JN882286,True,False
JN882287,True,False
JN882298,True,False
JN939331,True,False
JN939332,True,False
JN968479,True,False
JN984867,True,False
JN986844,True,False
JN986845,True,False
JN986846,True,False
JN991020,True,False
JQ007353,True,False
JQ010983,True,False
JQ011316,True,False
JQ011317,True,False
JQ011318,True,False
JQ015307,True,False
JQ031132,True,False
JQ062992,False,True
JQ066768,True,False
JQ067084,True,False
JQ067085,True,False
JQ067087,True,False
JQ067089,True,False
JQ067092,True,False
JQ067093,True,False
JQ086369,True,False
JQ086372,True,False
JQ086373,True,False
JQ086374,True,False
JQ086375,True,False
JQ086376,True,False
JQ086377,True,False
JQ177061,True,False
JQ177062,True,False
JQ177063,True,False
JQ177064,True,False
JQ177065,True,False
JQ182726,True,False
JQ182727,True,False
JQ182732,True,False
JQ182735,True,False
JQ245707,True,False
JQ246028,False,True
JQ267518,True,False
JQ287645,True,False
JQ288021,True,False
JQ300538,False,True
JQ307386,True,False
JQ307387,True,False
JQ309827,False,True
JQ312117,True,False
JQ340389,True,False
JQ340774,True,False
JQ341413,False,True
JQ347801,True,False
JQ362498,True,False
JQ408219,True,False
JQ446452,True,False
JQ512844,False,True
JQ513383,True,False
JQ617284,True,False
JQ619704,False,True
JQ659259,False,True
JQ660954,False,True
JQ684677,False,True
JQ686190,False,True
JQ691610,True,False
JQ691611,True,False
JQ691612,True,False
JQ692107,True,False
JQ698665,False,True
JQ729990,False,True
JQ729991,False,True
JQ729992,False,True
JQ740787,False,True
JQ740788,False,True
JQ740789,False,True
JQ740790,False,True
JQ740791,False,True
JQ740792,False,True
JQ740793,False,True
JQ740794,False,True
JQ740795,False,True
JQ740796,False,True
JQ740797,False,True
JQ740798,False,True
JQ740799,False,True
JQ740800,False,True
JQ740801,False,True
JQ740802,False,True
JQ740803,False,True
JQ740804,False,True
JQ740805,False,True
JQ740806,False,True
JQ740807,False,True
JQ740808,False,True
JQ740809,False,True
JQ740810,False,True
JQ740811,False,True
JQ740812,False,True
JQ740813,False,True
JQ740814,False,True
JQ762257,True,False
JQ764986,True,False
JQ764987,True,False
JQ764988,True,False
JQ764989,True,False
JQ764990,True,False
JQ768459,True,False
JQ779023,False,True
JQ779024,False,True
JQ780163,True,False
JQ780327,True,False
JQ797329,False,True
JQ801337,True,False
JQ806763,True,False
JQ806764,True,False
JQ809650,True,False
JQ809663,True,False
JQ809701,False,True
JQ809702,False,True
JQ809703,False,True
JQ823122,True,False
JQ823123,True,False
JQ837901,True,False
JQ867099,True,False
JQ867100,True,False
JQ896627,False,True
JQ911768,False,True
JQ957925,True,False
JQ957932,False,True
JQ965645,True,False
JQ965700,True,False
JQ965701,True,False
JQ965702,True,False
JQ965703,True,False
JQ966307,True,False
JQ973847,False,True
JX000007,True,False
JX006077,False,True
JX013863,False,True
JX015524,False,True
JX042578,False,True
JX042579,False,True
JX080300,False,True
JX080301,False,True
JX080302,False,True
JX080303,False,True
JX080304,False,True
JX080305,False,True
JX094431,False,True
JX094499,True,False
JX094500,True,False
JX094501,False,True
JX100809,True,False
JX100810,True,False
JX100811,True,False
JX100812,True,False
JX100813,True,False
JX100814,True,False
JX104231,True,False
JX120799,False,True
JX121091,False,True
JX123262,True,False
JX126918,False,True
JX126919,False,True
JX126920,False,True
JX128257,True,False
JX128258,True,False
JX128259,True,False
JX131330,True,False
JX145341,False,True
JX145342,False,True
JX163858,True,False
JX173487,True,False
JX174275,False,True
JX181822,True,False
JX181824,True,False
JX181825,True,False
JX181828,True,False
JX181829,True,False
JX182369,False,True
JX182370,False,True
JX182371,False,True
JX182372,False,True
JX193904,False,True
JX194238,True,False
JX194239,False,True
JX195166,True,False
JX202565,True,False
JX233784,True,False
JX238501,False,True
JX262215,False,True
JX262216,False,True
JX262217,False,True
JX262218,False,True
JX262219,False,True
JX262220,False,True
JX262221,False,True
JX262222,False,True
JX262223,False,True
JX262224,False,True
JX262225,False,True
JX262376,False,True
JX274646,False,True
JX274647,False,True
JX290549,True,False
JX296113,True,False
JX297445,True,False
JX306041,True,False
JX307702,False,True
JX307703,False,True
JX307704,False,True
JX307705,False,True
JX316028,True,False
JX403939,True,False
JX403940,True,False
JX409894,False,True
JX409895,False,True
JX411619,False,True
JX411620,False,True
JX412914,True,False
JX415535,True,False
JX415536,True,False
JX421753,True,False
JX434030,True,False
JX434031,True,False
JX434032,True,False
JX434033,True,False
JX442241,False,True
JX483873,True,False
JX483874,True,False
JX483875,True,False
JX483876,True,False
JX483877,True,False
JX483878,True,False
JX483879,True,False
JX483880,True,False
JX483881,True,False
JX486087,False,True
JX486088,False,True
JX495041,True,False
JX495042,True,False
JX495043,True,False
JX501340,True,False
JX507079,True,False
JX509734,True,False
JX536493,True,False
JX556417,True,False
JX556418,True,False
JX560521,True,False
JX560968,True,False
JX561091,True,False
JX564242,False,True
JX567312,False,True
JX569801,True,False
JX570702,False,True
JX570703,False,True
JX570704,False,True
JX570705,False,True
JX570706,False,True
JX570707,False,True
JX570708,False,True
JX570709,False,True
JX570710,False,True
JX570711,False,True
JX570712,False,True
JX570713,False,True
JX570714,False,True
JX649096,False,True
JX649097,False,True
JX649098,False,True
JX649099,False,True
JX649100,False,True
JX658790,True,False
JX676771,True,False
JX681814,True,False
JX846612,False,True
JX846613,False,True
JX863101,True,False
JX865427,True,False
JX866719,True,False
JX867715,True,False
JX872508,True,False
JX875065,False,True
JX878496,True,False
JX878671,False,True
JX879087,False,True
JX880034,True,False
JX880072,True,False
JX887877,False,True
JX889246,False,True
JX899358,False,True
JX901189,False,True
JX912252,True,False
JX976549,True,False
JX997978,True,False
KC012913,False,True
KC013021,False,True
KC013022,False,True
KC013023,False,True
KC013024,False,True
KC013025,False,True
KC013026,False,True
KC013027,False,True
KC013028,False,True
KC013029,False,True
KC107834,True,False
KC109329,True,False
KC117376,True,False
KC117377,True,False
KC117378,True,False
KC131129,True,False
KC131130,True,False
KC139511,True,False
KC139512,True,False
KC139514,True,False
KC139515,True,False
KC139516,True,False
KC139517,True,False
KC139518,True,False
KC139519,True,False
KC139520,True,False
KC139521,True,False
KC171646,False,True
KC171647,False,True
KC172839,False,True
KC182542,False,True
KC182543,False,True
KC182544,False,True
KC182545,False,True
KC182546,False,True
KC182547,False,True
KC182548,False,True
KC182549,False,True
KC182550,False,True
KC182551,False,True
KC182552,False,True
KC206276,True,False
KC237729,False,True
KC252997,True,False
KC262634,True,False
KC292020,True,False
KC292021,True,False
KC292022,True,False
KC292023,True,False
KC292024,True,False
KC292025,True,False
KC292026,True,False
KC292028,True,False
KC292029,True,False
KC294142,True,False
KC295538,True,False
KC310802,True,False
KC310803,True,False
KC310804,True,False
KC310805,True,False
KC310806,True,False
KC311669,True,False
KC330679,False,True
KC330680,False,True
KC330681,False,True
KC330682,False,True
KC330683,False,True
KC330684,False,True
KC333879,True,False
KC342645,False,True
KC348598,False,True
KC348599,False,True
KC348600,False,True
KC348601,False,True
KC348602,False,True
KC348603,False,True
KC348604,False,True
KC357596,True,False
KC413987,False,True
KC413988,False,True
KC430106,False,True
KC438282,True,False
KC438283,True,False
KC460990,True,False
KC462197,True,False
KC465898,True,False
KC465899,True,False
KC465900,True,False
KC465901,True,False
KC481682,False,True
KC522412,False,True
KC542353,True,False
KC556893,True,False
KC556894,True,False
KC556895,True,False
KC556896,True,False
KC556897,True,False
KC556898,True,False
KC576783,False,True
KC576784,False,True
KC579452,True,False
KC581799,False,True
KC595278,False,True
KC595279,False,True
KC595511,False,True
KC595512,False,True
KC595513,False,True
KC595514,False,True
KC595515,False,True
KC595516,False,True
KC595517,False,True
KC595518,False,True
KC618326,True,False
KC661271,False,True
KC661272,False,True
KC661273,False,True
KC661274,False,True
KC661275,False,True
KC661276,False,True
KC661277,False,True
KC661278,False,True
KC661279,False,True
KC661280,False,True
KC661281,False,True
KC677662,True,False
KC677663,False,True
KC685370,False,True
KC688701,True,False
KC690136,True,False
KC691254,False,True
KC691255,False,True
KC691256,False,True
KC691257,False,True
KC691258,False,True
KC699836,False,True
KC700556,False,True
KC700557,False,True
KC700558,False,True
KC701493,False,True
KC710998,True,False
KC736071,False,True
KC736978,True,False
KC748968,False,True
KC748969,False,True
KC748970,False,True
KC748971,False,True
KC751414,True,False
KC758116,True,False
KC787101,False,True
KC787102,False,True
KC787103,False,True
KC787104,False,True
KC787105,False,True
KC787106,False,True
KC787107,False,True
KC787108,False,True
KC787109,False,True
KC787110,False,True
KC787111,False,True
KC787112,False,True
KC801932,True,False
KC814930,True,False
KC821604,True,False
KC821606,True,False
KC821607,True,False
KC821608,True,False
KC821609,True,False
KC821610,True,False
KC821611,True,False
KC821612,True,False
KC821613,True,False
KC821614,True,False
KC821615,True,False
KC821616,True,False
KC821617,True,False
KC821618,True,False
KC821619,True,False
KC821620,True,False
KC821621,True,False
KC821622,True,False
KC821623,True,False
KC821624,True,False
KC821625,True,False
KC821626,True,False
KC821627,True,False
KC821628,True,False
KC821629,True,False
KC821630,True,False
KC821631,True,False
KC821632,True,False
KC821633,True,False
KC821634,True,False
KC832325,True,False
KC847113,False,True
KC853746,True,False
KC862295,True,False
KC862296,True,False
KC862297,True,False
KC862298,True,False
KC862299,True,False
KC862300,True,False
KC862301,True,False
KC900378,True,False
KC900379,False,True
KC911856,True,False
KC911857,True,False
KC954774,True,False
KC954775,True,False
KC959568,True,False
KC960489,False,True
KC969441,True,False
KF005317,True,False
KF005318,True,False
KF005319,True,False
KF005320,True,False
KF006817,False,True
KF006818,False,True
KF010834,False,True
KF017001,False,True
KF017002,False,True
KF017003,False,True
KF017004,False,True
KF017005,False,True
KF017927,False,True
KF021268,False,True
KF024721,False,True
KF024722,False,True
KF024723,False,True
KF024724,False,True
KF024725,False,True
KF024726,False,True
KF024727,False,True
KF024728,False,True
KF024729,False,True
KF024730,False,True
KF024731,False,True
KF024732,False,True
KF024733,False,True
KF024734,False,True
KF030445,True,False
KF055347,True,False
KF056323,True,False
KF114874,False,True
KF114875,False,True
KF114876,True,False
KF114877,True,False
KF114878,True,False
KF114879,True,False
KF114880,True,False
KF147891,True,False
KF147927,False,True
KF148055,True,False
KF148616,True,False
KF156338,True,False
KF156339,True,False
KF156340,True,False
KF183314,False,True
KF183315,False,True
KF188409,False,True
KF188410,False,True
KF188414,False,True
KF188458,False,True
KF192053,False,True
KF192075,True,False
KF208315,True,False
KF208639,False,True
KF279411,False,True
KF279412,False,True
KF279413,False,True
KF279414,False,True
KF279415,False,True
KF279416,False,True
KF279417,False,True
KF279418,False,True
KF296717,False,True
KF296718,False,True
KF301602,True,False
KF302032,True,False
KF302033,True,False
KF302034,True,False
KF302035,True,False
KF302036,True,False
KF302037,True,False
KF306380,False,True
KF319020,True,False
KF322026,True,False
KF322032,True,False
KF356198,True,False
KF356199,True,False
KF361475,True,False
KF381361,True,False
KF416340,False,True
KF416341,False,True
KF416342,False,True
KF416343,False,True
KF416344,False,True
KF475786,True,False
KF493879,False,True
KF493880,False,True
KF493881,False,True
KF493882,False,True
KF493883,False,True
KF534715,True,False
KF550303,True,False
KF554508,False,True
KF560330,False,True
KF560331,False,True
KF560332,False,True
KF560333,False,True
KF560334,False,True
KF562099,False,True
KF562100,False,True
KF562101,False,True
KF562102,False,True
KF562340,True,False
KF562341,True,False
KF562864,True,False
KF562865,True,False
KF582788,True,False
KF589919,False,True
KF591601,True,False
KF598856,False,True
KF598865,True,False
KF614509,True,False
KF620435,True,False
KF623293,True,False
KF623294,True,False
KF626665,True,False
KF626666,True,False
KF626667,True,False
KF626668,True,False
KF669647,False,True
KF669648,False,True
KF669649,False,True
KF669650,False,True
KF669651,False,True
KF669652,False,True
KF669653,True,False
KF669654,True,False
KF669655,False,True
KF669656,True,False
KF669657,False,True
KF669658,True,False
KF669659,False,True
KF669660,False,True
KF669661,False,True
KF669662,False,True
KF669663,False,True
KF676640,False,True
KF692088,False,True
KF700371,True,False
KF713485,False,True
KF713486,False,True
KF728385,False,True
KF733017,False,True
KF751793,True,False
KF751794,True,False
KF751795,True,False
KF751796,True,False
KF751797,True,False
KF765493,True,False
KF766114,False,True
KF766125,True,False
KF767351,False,True
KF771236,True,False
KF771237,True,False
KF771238,True,False
KF771239,True,False
KF772233,True,False
KF772234,True,False
KF787094,True,False
KF787095,True,False
KF800937,True,False
KF806588,True,False
KF806589,True,False
KF811200,True,False
KF831354,False,True
KF835987,True,False
KF841475,False,True
KF841476,False,True
KF841477,False,True
KF854250,True,False
KF856712,True,False
KF861510,False,True
KF925357,True,False
KF926093,False,True
KF929199,False,True
KF954506,False,True
KF959563,False,True
KF971864,True,False
KF977490,True,False
KF981601,False,True
KF981730,True,False
KF981875,True,False
KF981876,False,True
KF986246,False,True
KF986247,False,True
KJ000058,True,False
KJ002054,True,False
KJ010489,False,True
KJ010547,False,True
KJ010548,False,True
KJ018209,True,False
KJ018210,True,False
KJ018211,True,False
KJ018212,True,False
KJ018213,True,False
KJ018214,True,False
KJ019026,True,False
KJ019027,True,False
KJ019028,True,False
KJ019029,True,False
KJ019030,True,False
KJ019031,True,False
KJ019032,True,False
KJ019033,True,False
KJ019034,True,False
KJ019035,True,False
KJ019036,True,False
KJ019037,True,False
KJ019038,True,False
KJ019039,True,False
KJ019040,True,False
KJ019041,True,False
KJ019042,True,False
KJ019043,True,False
KJ019044,True,False
KJ019045,True,False
KJ019046,True,False
KJ019047,True,False
KJ019048,True,False
KJ019049,True,False
KJ019050,True,False
KJ019051,True,False
KJ019052,True,False
KJ019053,True,False
KJ019054,True,False
KJ019055,True,False
KJ019056,True,False
KJ019057,True,False
KJ019058,True,False
KJ019059,True,False
KJ019060,True,False
KJ019061,True,False
KJ019062,True,False
KJ019063,True,False
KJ019064,True,False
KJ019065,True,False
KJ019066,True,False
KJ019067,True,False
KJ019068,True,False
KJ019069,True,False
KJ019070,True,False
KJ019071,True,False
KJ019072,True,False
KJ019073,True,False
KJ019074,True,False
KJ019075,True,False
KJ019076,True,False
KJ019077,True,False
KJ019078,True,False
KJ019079,True,False
KJ019080,True,False
KJ019081,True,False
KJ019082,True,False
KJ019083,True,False
KJ019084,True,False
KJ019085,True,False
KJ019086,True,False
KJ019087,True,False
KJ019088,True,False
KJ019089,True,False
KJ019090,True,False
KJ019091,True,False
KJ019092,True,False
KJ019093,True,False
KJ019094,True,False
KJ019095,True,False
KJ019096,True,False
KJ019097,True,False
KJ019098,True,False
KJ019099,True,False
KJ019100,True,False
KJ019101,True,False
KJ019102,True,False
KJ019103,True,False
KJ019104,True,False
KJ019105,True,False
KJ019106,True,False
KJ019107,True,False
KJ019108,True,False
KJ019109,True,False
KJ019110,True,False
KJ019111,True,False
KJ019112,True,False
KJ019113,True,False
KJ019114,True,False
KJ019115,True,False
KJ019116,True,False
KJ019117,True,False
KJ019118,True,False
KJ019119,True,False
KJ019120,True,False
KJ019121,True,False
KJ019122,True,False
KJ019123,True,False
KJ019124,True,False
KJ019125,True,False
KJ019126,True,False
KJ019127,True,False
KJ019128,True,False
KJ019129,True,False
KJ019130,True,False
KJ019131,True,False
KJ019132,True,False
KJ019133,True,False
KJ019134,True,False
KJ019135,True,False
KJ019136,True,False
KJ019137,True,False
KJ019138,True,False
KJ019139,True,False
KJ019140,True,False
KJ019141,True,False
KJ019142,True,False
KJ019143,True,False
KJ019144,True,False
KJ019145,True,False
KJ019146,True,False
KJ019147,True,False
KJ019148,True,False
KJ019149,True,False
KJ019150,True,False
KJ019151,True,False
KJ019152,True,False
KJ019153,True,False
KJ019154,True,False
KJ019155,True,False
KJ019156,True,False
KJ019157,True,False
KJ019158,True,False
KJ019159,True,False
KJ019160,True,False
KJ019161,True,False
KJ019162,True,False
KJ019163,True,False
KJ019164,True,False
KJ019165,True,False
KJ021043,True,False
KJ024807,False,True
KJ025956,False,True
KJ025957,True,False
KJ028219,False,True
KJ081346,False,True
KJ094020,False,True
KJ094021,False,True
KJ094022,False,True
KJ094023,False,True
KJ094029,False,True
KJ094030,False,True
KJ094031,False,True
KJ094032,False,True
KJ094033,False,True
KJ101592,True,False
KJ127303,False,True
KJ127304,False,True
KJ133688,True,False
KJ133689,True,False
KJ133690,True,False
KJ133691,True,False
KJ133692,True,False
KJ133693,True,False
KJ133694,True,False
KJ133695,True,False
KJ133696,True,False
KJ133697,True,False
KJ133698,True,False
KJ133699,True,False
KJ133700,True,False
KJ133701,True,False
KJ133702,True,False
KJ133703,True,False
KJ133704,True,False
KJ133705,True,False
KJ133706,True,False
KJ133707,True,False
KJ135004,True,False
KJ140076,False,True
KJ156985,False,True
KJ159566,False,True
KJ173786,False,True
KJ174156,False,True
KJ174157,False,True
KJ174317,True,False
KJ174318,True,False
KJ190157,True,False
KJ190158,True,False
KJ192196,False,True
KJ192399,True,False
KJ194579,False,True
KJ194580,False,True
KJ194581,False,True
KJ194582,False,True
KJ194583,False,True
KJ194584,False,True
KJ194585,False,True
KJ206559,False,True
KJ206560,False,True
KJ206561,False,True
KJ206562,False,True
KJ206563,False,True
KJ210330,False,True
KJ395778,True,False
KJ409696,False,True
KJ409772,True,False
KJ410132,False,True
KJ410133,False,True
KJ410134,False,True
KJ410740,True,False
KJ417497,False,True
KJ419279,True,False
KJ433973,False,True
KJ433974,False,True
KJ433975,False,True
KJ433976,False,True
KJ451625,False,True
KJ452291,False,True
KJ452292,False,True
KJ473422,True,False
KJ473423,True,False
KJ477077,True,False
KJ489010,False,True
KJ489011,False,True
KJ489012,False,True
KJ489013,False,True
KJ489397,False,True
KJ489398,False,True
KJ489399,False,True
KJ489400,False,True
KJ489401,False,True
KJ489402,False,True
KJ502657,True,False
KJ507099,True,False
KJ507100,True,False
KJ510412,False,True
KJ510413,False,True
KJ510414,False,True
KJ510415,False,True
KJ528544,False,True
KJ534580,True,False
KJ535721,False,True
KJ535722,False,True
KJ538721,False,True
KJ538722,False,True
KJ538723,False,True
KJ545483,True,False
KJ564036,False,True
KJ564037,False,True
KJ564038,False,True
KJ567041,False,True
KJ567042,False,True
KJ567043,False,True
KJ567044,False,True
KJ567045,False,True
KJ567046,False,True
KJ572844,True,False
KJ572845,True,False
KJ578758,False,True
KJ578759,False,True
KJ578760,False,True
KJ578761,False,True
KJ578762,False,True
KJ578763,False,True
KJ578764,False,True
KJ578765,False,True
KJ578766,False,True
KJ578767,False,True
KJ578768,False,True
KJ578769,False,True
KJ578770,False,True
KJ578771,False,True
KJ578772,False,True
KJ578773,False,True
KJ578774,False,True
KJ578775,False,True
KJ578776,False,True
KJ578777,False,True
KJ578778,False,True
KJ578779,False,True
KJ578780,False,True
KJ578781,False,True
KJ578782,False,True
KJ578783,False,True
KJ578784,False,True
KJ578785,False,True
KJ578786,False,True
KJ578787,False,True
KJ578788,False,True
KJ578789,False,True
KJ578790,False,True
KJ578791,False,True
KJ578792,False,True
KJ586794,False,True
KJ586795,False,True
KJ591604,False,True
KJ591605,False,True
KJ595575,False,True
KJ595576,False,True
KJ596420,False,True
KJ603229,True,False
KJ608188,False,True
KJ608189,False,True
KJ617393,False,True
KJ619459,True,False
KJ621082,True,False
KJ628499,True,False
KJ668713,True,False
KJ668714,True,False
KJ668715,False,True
KJ676859,False,True
KJ690250,False,True
KJ716334,False,True
KJ716335,True,False
KJ722067,False,True
KJ725374,False,True
KJ743987,True,False
KJ746502,True,False
KJ748011,True,False
KJ749827,True,False
KJ801817,False,True
KJ802832,True,False
KJ803031,True,False
KJ804259,False,True
KJ817802,True,False
KJ829260,False,True
KJ832078,True,False
KJ858521,True,False
KJ888149,False,True
KJ909655,True,False
KJ920400,False,True
KJ936628,True,False
KJ944830,True,False
KJ944841,False,True
KJ959591,True,False
KJ959632,False,True
KM000061,True,False
KM044272,True,False
KM051843,False,True
KM058087,True,False
KM066034,False,True
KM067278,True,False
KM083128,False,True
KM091442,False,True
KM091443,False,True
KM091444,False,True
KM092515,True,False
KM101117,False,True
KM101118,False,True
KM101119,False,True
KM101120,False,True
KM101122,False,True
KM101123,False,True
KM101124,False,True
KM190144,True,False
KM197169,False,True
KM199770,True,False
KM199771,True,False
KM209228,True,False
KM209270,True,False
KM209271,True,False
KM209294,True,False
KM209320,True,False
KM215148,False,True
KM216423,False,True
KM224878,True,False
KM224879,True,False
KM233151,True,False
KM233261,True,False
KM233454,False,True
KM233455,False,True
KM233689,True,False
KM236237,True,False
KM236239,True,False
KM236240,True,False
KM236241,True,False
KM236242,True,False
KM236243,True,False
KM236244,True,False
KM236245,False,True
KM236246,False,True
KM236247,False,True
KM236248,False,True
KM236502,False,True
KM242061,True,False
KM247287,True,False
KM253764,True,False
KM262191,False,True
KM262192,False,True
KM272358,True,False
KM279937,False,True
KM289195,False,True
KM347889,False,True
KM347890,False,True
KM359505,True,False
KM360178,True,False
KM363596,False,True
KM363597,False,True
KM366096,True,False
KM366097,True,False
KM366098,True,False
KM366099,True,False
KM366100,False,True
KM370384,True,False
KM373208,False,True
KM378617,True,False
KM389210,True,False
KM400683,False,True
KM401838,False,True
KM402757,False,True
KM407600,True,False
KM408320,False,True
KM411958,True,False
KM411959,True,False
KM411960,True,False
KM434184,True,False
KM434185,True,False
KM434186,True,False
KM463009,False,True
KM501444,True,False
KM507819,True,False
KM514685,False,True
KM576124,True,False
KM581061,True,False
KM588359,False,True
KM589515,True,False
KM589516,True,False
KM591905,False,True
KM591906,False,True
KM592966,False,True
KM597530,False,True
KM597531,False,True
KM606994,True,False
KM606995,True,False
KM606996,True,False
KM606997,True,False
KM606998,True,False
KM606999,True,False
KM607000,True,False
KM607001,True,False
KM607002,True,False
KM607003,True,False
KM607004,True,False
KM612259,True,False
KM612260,True,False
KM612261,True,False
KM612262,True,False
KM612263,True,False
KM612264,True,False
KM612265,True,False
KM652553,False,True
KM652554,False,True
KM657822,True,False
KM672662,True,False
KM677185,False,True
KM677210,False,True
KM677211,False,True
KM819694,True,False
KM819695,True,False
KM819696,True,False
KM873719,True,False
KM879221,True,False
KM879463,False,True
KM881426,False,True
KM882824,False,True
KM896878,True,False
KM923970,False,True
KM923971,False,True
KM925136,False,True
KM974184,True,False
KM979354,True,False
KM979355,True,False
KM983327,False,True
KM983328,False,True
KM983329,False,True
KM983330,False,True
KM983331,False,True
KM983332,False,True
KM983333,False,True
KM983334,False,True
KP007359,True,False
KP007360,True,False
KP007361,True,False
KP007362,True,False
KP010268,True,False
KP010413,True,False
KP017310,False,True
KP017311,False,True
KP025626,True,False
KP027015,False,True
KP027195,False,True
KP027196,False,True
KP027197,False,True
KP027198,False,True
KP027199,False,True
KP027200,False,True
KP027201,False,True
KP027202,False,True
KP027203,False,True
KP027204,False,True
KP027205,False,True
KP027206,False,True
KP027207,False,True
KP027208,False,True
KP027209,False,True
KP027446,False,True
KP027447,False,True
KP037007,True,False
KP054477,False,True
KP057620,False,True
KP063118,True,False
KP063541,True,False
KP063902,False,True
KP063903,False,True
KP064094,True,False
KP085586,True,False
KP090453,True,False
KP090454,True,False
KP137432,True,False
KP137433,True,False
KP137434,True,False
KP137435,True,False
KP137436,True,False
KP137437,True,False
KP137438,True,False
KP137439,True,False
KP137440,True,False
KP143762,True,False
KP143763,True,False
KP144388,False,True
KP162168,True,False
KP202158,True,False
KP202969,True,False
KP202970,True,False
KP202971,True,False
KP202972,False,True
KP208803,False,True
KP209285,False,True
KP211958,True,False
KP233880,True,False
KP238129,True,False
KP273225,False,True
KP280062,True,False
KP280063,True,False
KP282673,True,False
KP282674,True,False
KP282675,True,False
KP282676,True,False
KP282677,True,False
KP282678,True,False
KP296791,False,True
KP296793,False,True
KP296795,False,True
KP296796,False,True
KP308307,True,False
KP313531,True,False
KP313532,True,False
KP339049,False,True
KP340287,True,False
KP340288,True,False
KP343639,True,False
KP399677,False,True
KP399678,False,True
KP411017,False,True
KP658157,True,False
KP671755,True,False
KP682371,True,False
KP682372,True,False
KP682373,True,False
KP682374,True,False
KP682375,True,False
KP682376,True,False
KP682377,True,False
KP682378,True,False
KP682379,True,False
KP682380,True,False
KP682381,True,False
KP682382,True,False
KP682383,True,False
KP682384,True,False
KP682385,True,False
KP682386,True,False
KP682387,True,False
KP682388,True,False
KP682389,True,False
KP682390,True,False
KP682391,True,False
KP682392,True,False
KP687431,False,True
KP687432,False,True
KP696447,False,True
KP696448,False,True
KP708985,True,False
KP708986,True,False
KP719132,True,False
KP719133,True,False
KP719134,True,False
KP735928,False,True
KP774835,True,False
KP790008,False,True
KP790009,False,True
KP790010,False,True
KP790011,False,True
KP791805,True,False
KP791806,True,False
KP791807,True,False
KP792622,True,False
KP792623,True,False
KP793101,False,True
KP793102,False,True
KP793103,False,True
KP793104,False,True
KP793105,False,True
KP793106,False,True
KP793107,False,True
KP793108,False,True
KP793109,False,True
KP793110,False,True
KP793111,False,True
KP793112,False,True
KP793113,False,True
KP793114,False,True
KP793115,False,True
KP793116,False,True
KP793117,False,True
KP793118,False,True
KP793119,False,True
KP793120,False,True
KP793121,False,True
KP793122,False,True
KP793123,False,True
KP793124,False,True
KP793125,False,True
KP793126,False,True
KP793127,False,True
KP793128,False,True
KP793129,False,True
KP793130,False,True
KP793131,False,True
KP793132,False,True
KP793133,False,True
KP793134,False,True
KP793135,False,True
KP797973,True,False
KP836355,True,False
KP836356,False,True
KP861229,True,False
KP861230,True,False
KP861231,True,False
KP869100,True,False
KP869101,True,False
KP869102,True,False
KP869103,True,False
KP869104,True,False
KP869105,True,False
KP869106,True,False
KP869107,True,False
KP869108,True,False
KP869109,True,False
KP869110,True,False
KP869111,True,False
KP869112,True,False
KP869113,True,False
KP876465,False,True
KP876466,False,True
KP881232,True,False
KP881332,False,True
KP890822,True,False
KP890823,True,False
KP893289,False,True
KP893290,False,True
KP966108,True,False
KP972568,True,False
KP972569,True,False
KP994390,True,False
KP994596,True,False
KR011061,False,True
KR011062,False,True
KR011063,False,True
KR011064,False,True
KR014248,True,False
KR029086,False,True
KR029087,False,True
KR049063,False,True
KR052142,True,False
KR052143,True,False
KR052480,True,False
KR052481,True,False
KR052482,True,False
KR053194,False,True
KR053195,False,True
KR053196,False,True
KR053197,False,True
KR053198,False,True
KR053199,False,True
KR053200,False,True
KR053201,False,True
KR054028,True,False
KR054029,True,False
KR054030,True,False
KR054031,True,False
KR054032,True,False
KR054033,True,False
KR060090,True,False
KR063267,True,False
KR063268,True,False
KR063278,False,True
KR063279,False,True
KR063280,False,True
KR063281,False,True
KR072689,True,False
KR073660,True,False
KR073661,True,False
KR080193,False,True
KR080194,False,True
KR080195,False,True
KR080196,False,True
KR080197,False,True
KR080198,False,True
KR080199,False,True
KR080200,False,True
KR080201,False,True
KR080202,False,True
KR080203,False,True
KR080204,False,True
KR080205,False,True
KR080206,False,True
KR091942,True,False
KR091952,True,False
KR093625,True,False
KR093626,True,False
KR093627,True,False
KR093628,True,False
KR093629,True,False
KR093630,True,False
KR093631,True,False
KR093632,True,False
KR093633,True,False
KR093634,True,False
KR093635,True,False
KR093636,True,False
KR093637,True,False
KR093638,True,False
KR093639,True,False
KR093640,True,False
KR093641,True,False
KR093642,True,False
KR093643,True,False
KR093644,True,False
KR093645,True,False
KR093646,True,False
KR093647,True,False
KR093648,True,False
KR093649,True,False
KR093650,True,False
KR093651,True,False
KR093652,True,False
KR093653,True,False
KR093654,True,False
KR093655,True,False
KR093656,True,False
KR131710,True,False
KR131750,False,True
KR136259,True,False
KR136260,True,False
KR149290,True,False
KR149291,True,False
KR153145,False,True
KR153873,True,False
KR233164,True,False
KR233165,True,False
KR262148,True,False
KR269718,True,False
KR269719,True,False
KR269720,True,False
KR270151,True,False
KR296684,True,False
KR296685,True,False
KR296686,True,False
KR296687,True,False
KR296688,True,False
KR296689,True,False
KR296690,True,False
KR296691,True,False
KR296692,True,False
KR296693,True,False
KR296694,True,False
KR296695,True,False
KR337643,False,True
KR337644,False,True
KR337645,False,True
KR337646,False,True
KR337647,False,True
KR337648,False,True
KR337649,False,True
KR337650,False,True
KR337651,False,True
KR337652,False,True
KR337653,False,True
KR337654,False,True
KR347352,False,True
KR347353,False,True
KR347354,False,True
KR347355,False,True
KR422352,True,False
KR422353,True,False
KR534323,True,False
KR537871,True,False
KR537872,True,False
KR560069,True,False
KR604693,True,False
KR698074,True,False
KR709302,False,True
KR709303,False,True
KR781349,False,True
KR781488,True,False
KR816341,False,True
KR816508,False,True
KR824843,False,True
KR869157,True,False
KR869820,True,False
KR902361,False,True
KR902978,False,True
KR902979,False,True
KR902980,False,True
KR902981,False,True
KR902982,False,True
KR902983,False,True
KR902984,False,True
KR902985,False,True
KR902986,False,True
KR902987,False,True
KR905066,False,True
KR905067,False,True
KR905068,False,True
KR905069,False,True
KR905070,False,True
KR908644,False,True
KR935213,True,False
KR935214,False,True
KR935215,True,False
KR935216,True,False
KR935217,True,False
KR997929,False,True
KR997930,False,True
KR997931,False,True
KR997932,False,True
KR997933,False,True
KR997934,False,True
KR997967,False,True
KR997968,False,True
KT001911,False,True
KT001912,False,True
KT001913,True,False
KT001914,True,False
KT001915,True,False
KT001916,True,False
KT001917,True,False
KT001918,True,False
KT001919,True,False
KT001920,True,False
KT004677,False,True
KT008108,True,False
KT020852,False,True
KT021004,False,True
KT070866,False,True
KT070867,False,True
KT070868,False,True
KT124227,False,True
KT124228,False,True
KT124229,False,True
KT151955,False,True
KT151956,False,True
KT151957,False,True
KT151958,False,True
KT151959,False,True
KT152029,False,True
KT160311,True,False
KT176190,True,False
KT184308,True,False
KT184309,True,False
KT184310,True,False
KT184311,True,False
KT184312,True,False
KT184313,True,False
KT184314,True,False
KT184315,True,False
KT184316,True,False
KT184390,False,True
KT184391,False,True
KT184661,True,False
KT184694,False,True
KT186228,False,True
KT186229,False,True
KT186243,False,True
KT187252,False,True
KT206225,False,True
KT207918,False,True
KT221033,False,True
KT221034,False,True
KT222940,False,True
KT222941,False,True
KT222942,False,True
KT224359,False,True
KT232076,True,False
KT239446,True,False
KT240186,True,False
KT246485,False,True
KT246486,False,True
KT253150,True,False
KT259047,False,True
KT266805,True,False
KT270441,False,True
KT279576,False,True
KT281789,False,True
KT281790,False,True
KT281791,False,True
KT281792,False,True
KT281793,False,True
KT281794,False,True
KT281795,False,True
KT281796,False,True
KT285706,False,True
KT287080,True,False
KT307976,False,True
KT309034,False,True
KT319602,False,True
KT319607,False,True
KT319620,False,True
KT319626,False,True
KT321314,True,False
KT321315,True,False
KT321316,True,False
KT321317,True,False
KT321476,False,True
KT326767,False,True
KT326768,False,True
KT336320,False,True
KT336321,False,True
KT337339,False,True
KT337340,False,True
KT337341,False,True
KT337342,False,True
KT337352,False,True
KT337354,False,True
KT337355,False,True
KT337356,False,True
KT337358,False,True
KT337359,False,True
KT337360,False,True
KT337362,False,True
KT337364,False,True
KT337365,False,True
KT337370,False,True
KT339177,False,True
KT339321,True,False
KT344895,False,True
KT345706,True,False
KT347313,False,True
KT347314,False,True
KT353109,True,False
KT355471,False,True
KT355472,False,True
KT355473,False,True
KT355474,False,True
KT355475,False,True
KT359365,False,True
KT361649,False,True
KT361650,False,True
KT361651,False,True
KT361652,False,True
KT361653,False,True
KT361654,False,True
KT361655,False,True
KT361656,False,True
KT361657,False,True
KT361920,False,True
KT363731,False,True
KT363872,True,False
KT364588,False,True
KT365397,False,True
KT365398,False,True
KT365399,False,True
KT365400,False,True
KT365401,False,True
KT365402,False,True
KT367885,True,False
KT367886,True,False
KT367887,True,False
KT372002,False,True
KT372003,False,True
KT372690,True,False
KT372691,True,False
KT372692,True,False
KT372693,True,False
KT372694,True,False
KT372695,True,False
KT372696,True,False
KT372697,True,False
KT372698,True,False
KT372714,False,True
KT373978,False,True
KT375356,False,True
KT381276,False,True
KT381277,False,True
KT381864,True,False
KT381865,True,False
KT381879,True,False
KT381880,True,False
KT388014,False,True
KT388093,False,True
KT388102,True,False
KT388103,True,False
KT429160,False,True
KT429161,False,True
KT438500,False,True
KT438501,False,True
KT454805,True,False
KT454806,True,False
KT454972,False,True
KT588072,False,True
KT588073,True,False
KT588074,True,False
KT588075,True,False
KT588442,False,True
KT591076,False,True
KT591489,False,True
KT591490,False,True
KT591491,False,True
KT599441,False,True
KT624200,True,False
KT626047,False,True
KT626446,False,True
KT630644,True,False
KT630645,True,False
KT630646,True,False
KT630647,True,False
KT630648,True,False
KT630649,True,False
KT716399,True,False
KT716493,False,True
KT717083,False,True
KT717084,False,True
KT717085,False,True
KT724718,True,False
KT725776,False,True
KT728930,True,False
KT728931,True,False
KT734862,True,False
KT736033,True,False
KT755656,False,True
KT780304,False,True
KT783672,False,True
KT803877,True,False
KT804908,True,False
KT804923,True,False
KT809302,True,False
KT809368,False,True
KT809369,False,True
KT818595,False,True
KT820175,True,False
KT825490,True,False
KT852574,True,False
KT852578,False,True
KT870145,True,False
KT876724,True,False
KT876725,True,False
KT876726,True,False
KT878766,False,True
KT880194,False,True
KT881477,True,False
KT887557,True,False
KT887558,True,False
KT887559,True,False
KT895280,False,True
KT895281,False,True
KT895374,False,True
KT898133,True,False
KT898134,True,False
KT919972,True,False
KT919973,True,False
KT932418,True,False
KT932699,False,True
KT932700,False,True
KT932701,False,True
KT934381,False,True
KT934943,True,False
KT945994,False,True
KT945995,False,True
KT949345,True,False
KT959213,False,True
KT962245,True,False
KT962246,True,False
KT962247,True,False
KT962832,True,False
KT964103,True,False
KT967075,False,True
KT968831,True,False
KT968832,True,False
KT970645,False,True
KT970646,False,True
KT989433,False,True
KT990215,True,False
KT990218,False,True
KT995480,False,True
KU052037,True,False
KU052038,True,False
KU052488,False,True
KU055616,False,True
KU057941,False,True
KU064779,True,False
KU130126,True,False
KU130127,True,False
KU130128,True,False
KU130129,True,False
KU130130,True,False
KU130131,True,False
KU160494,True,False
KU160495,False,True
KU160496,False,True
KU160638,False,True
KU160639,False,True
KU160640,False,True
KU160641,False,True
KU160642,False,True
KU160643,False,True
KU160644,False,True
KU160645,False,True
KU160646,False,True
KU160647,False,True
KU160648,False,True
KU160649,False,True
KU160650,False,True
KU160651,False,True
KU160652,False,True
KU160653,False,True
KU160654,False,True
KU160655,False,True
KU160656,False,True
KU160657,False,True
KU160658,False,True
KU160659,False,True
KU160660,False,True
KU160661,False,True
KU160662,False,True
KU160663,False,True
KU160664,False,True
KU160665,False,True
KU160666,False,True
KU160667,False,True
KU160668,False,True
KU160669,False,True
KU160670,False,True
KU160671,False,True
KU160672,False,True
KU160673,False,True
KU160674,False,True
KU183006,True,False
KU189325,False,True
KU194205,True,False
KU194206,True,False
KU197013,True,False
KU197014,True,False
KU198331,True,False
KU199707,True,False
KU199708,True,False
KU199709,True,False
KU199710,True,False
KU204984,True,False
KU230356,True,False
KU234099,False,True
KU234532,True,False
KU234533,True,False
KU245542,True,False
KU252585,False,True
KU253712,False,True
KU255188,False,True
KU255730,True,False
KU297675,True,False
KU297783,False,True
KU298437,True,False
KU310943,True,False
KU310944,True,False
KU356689,True,False
KU356690,True,False
KU356691,True,False
KU497559,True,False
KU504502,True,False
KU510289,True,False
KU517658,False,True
KU521356,True,False
KU530220,False,True
KU535860,True,False
KU568494,False,True
KU574722,True,False
KU577463,False,True
KU578077,False,True
KU594605,True,False
KU594606,True,False
KU594607,True,False
KU595432,True,False
KU595433,True,False
KU598975,False,True
KU599877,True,False
KU599878,True,False
KU599879,True,False
KU599880,True,False
KU599881,True,False
KU599882,True,False
KU599883,True,False
KU599884,True,False
KU599885,True,False
KU599886,True,False
KU599887,True,False
KU599888,True,False
KU599889,True,False
KU613353,False,True
KU640380,False,True
KU645528,True,False
KU647626,False,True
KU647627,False,True
KU647628,False,True
KU647629,False,True
KU665491,False,True
KU666550,True,False
KU678389,False,True
KU678390,False,True
KU678391,False,True
KU678392,False,True
KU682439,True,False
KU686192,True,False
KU686193,True,False
KU686194,True,False
KU686195,True,False
KU686196,True,False
KU686197,True,False
KU686198,True,False
KU686199,True,False
KU686200,True,False
KU686201,True,False
KU686202,True,False
KU686203,True,False
KU686204,True,False
KU686205,True,False
KU686206,True,False
KU686207,True,False
KU686208,True,False
KU686209,True,False
KU686210,True,False
KU686211,True,False
KU686212,True,False
KU686213,True,False
KU687347,True,False
KU687348,True,False
KU687349,True,False
KU687350,True,False
KU687351,True,False
KU695581,False,True
KU695582,False,True
KU708004,True,False
KU708005,True,False
KU716094,False,True
KU716095,False,True
KU726251,True,False
KU728633,False,True
KU737344,False,True
KU737345,False,True
KU737346,False,True
KU737347,False,True
KU737348,False,True
KU737349,False,True
KU737350,False,True
KU737351,False,True
KU737352,False,True
KU743887,True,False
KU747973,True,False
KU760857,True,False
KU761558,False,True
KU761559,False,True
KU761955,True,False
KU831549,False,True
KU836751,False,True
KU847400,False,True
KU848186,False,True
KU848187,False,True
KU862660,True,False
KU865302,False,True
KU865303,False,True
KU867307,True,False
KU867876,True,False
KU867906,False,True
KU867907,False,True
KU873925,True,False
KU878088,False,True
KU878967,True,False
KU878968,True,False
KU878969,True,False
KU884561,True,False
KU884562,True,False
KU884563,True,False
KU884564,True,False
KU884565,True,False
KU885988,True,False
KU885989,True,False
KU885990,True,False
KU886222,True,False
KU886223,True,False
KU886224,True,False
KU886225,True,False
KU892558,False,True
KU925172,True,False
KU927491,True,False
KU927492,True,False
KU927493,True,False
KU927494,True,False
KU927495,True,False
KU927496,True,False
KU927497,True,False
KU927498,True,False
KU927499,True,False
KU927500,True,False
KU935715,True,False
KU935726,False,True
KU935727,False,True
KU935728,False,True
KU935729,False,True
KU935730,False,True
KU935731,False,True
KU946962,True,False
KU948710,True,False
KU951146,True,False
KU951147,True,False
KU958700,False,True
KU963245,False,True
KU963246,False,True
KU963247,False,True
KU963248,False,True
KU963249,False,True
KU963250,False,True
KU963251,False,True
KU963252,False,True
KU963253,False,True
KU963254,False,True
KU963255,False,True
KU963256,False,True
KU963257,False,True
KU963258,False,True
KU963259,False,True
KU963260,False,True
KU963261,False,True
KU963262,False,True
KU963263,False,True
KU981050,False,True
KU984914,False,True
KU984979,False,True
KU984980,False,True
KU985090,False,True
KU985091,False,True
KU985092,False,True
KU985093,False,True
KU985094,False,True
KU985095,False,True
KU985096,False,True
KU992911,False,True
KU997639,False,True
KU998233,False,True
KU998234,False,True
KU998235,False,True
KU998236,False,True
KU998237,False,True
KU998238,False,True
KU998239,False,True
KU998240,False,True
KU998241,False,True
KU998242,False,True
KU998243,False,True
KU998244,False,True
KU998245,False,True
KU998246,False,True
KU998247,False,True
KU998248,False,True
KU998249,False,True
KU998250,False,True
KU998251,False,True
KU998252,False,True
KU998253,False,True
KU998254,False,True
KU998255,False,True
KU998256,False,True
KX009778,True,False
KX011028,False,True
KX011169,False,True
KX015770,True,False
KX015771,True,False
KX017520,True,False
KX017521,True,False
KX058879,True,False
KX066068,True,False
KX077179,True,False
KX077889,False,True
KX077890,False,True
KX077891,False,True
KX077892,False,True
KX077893,False,True
KX077894,False,True
KX077895,False,True
KX077896,False,True
KX078568,True,False
KX078569,True,False
KX098389,True,False
KX098390,True,False
KX098391,True,False
KX119174,True,False
KX119175,True,False
KX119176,True,False
KX119177,True,False
KX119178,True,False
KX119181,True,False
KX119182,True,False
KX119183,True,False
KX119188,True,False
KX119189,True,False
KX119190,True,False
KX119191,True,False
KX119192,True,False
KX119193,True,False
KX119194,True,False
KX119195,True,False
KX119196,True,False
KX119197,True,False
KX119198,True,False
KX119199,True,False
KX119200,True,False
KX119201,True,False
KX119202,True,False
KX119203,True,False
KX119204,True,False
KX119205,True,False
KX119206,True,False
KX129925,True,False
KX130668,True,False
KX130726,True,False
KX130727,True,False
KX130861,True,False
KX130862,True,False
KX130863,True,False
KX130864,True,False
KX130865,True,False
KX130960,True,False
KX147096,True,False
KX147229,False,True
KX156152,False,True
KX156762,False,True
KX159477,False,True
KX160204,False,True
KX160205,False,True
KX160206,False,True
KX160207,False,True
KX160208,False,True
KX160209,False,True
KX160210,False,True
KX160211,False,True
KX160212,False,True
KX160213,False,True
KX160214,False,True
KX160215,False,True
KX160216,False,True
KX160217,False,True
KX160218,False,True
KX160219,False,True
KX160220,False,True
KX171208,True,False
KX171209,True,False
KX171210,True,False
KX171211,True,False
KX171212,False,True
KX171213,False,True
KX179905,True,False
KX181651,True,False
KX190832,False,True
KX190833,False,True
KX190834,False,True
KX190835,False,True
KX196154,True,False
KX198612,True,False
KX198613,True,False
KX198614,True,False
KX198615,True,False
KX211991,True,False
KX223815,False,True
KX227757,False,True
KX227758,False,True
KX227759,False,True
KX227760,False,True
KX228399,False,True
KX228400,False,True
KX229736,True,False
KX231828,True,False
KX231829,True,False
KX232515,False,True
KX236333,True,False
KX237514,True,False
KX237515,True,False
KX237516,True,False
KX241618,True,False
KX245012,True,False
KX245013,True,False
KX245890,True,False
KX257490,True,False
KX258185,True,False
KX266300,True,False
KX266301,True,False
KX266302,True,False
KX266303,True,False
KX266304,True,False
KX266305,True,False
KX266306,True,False
KX266307,True,False
KX266308,True,False
KX266309,True,False
KX266310,True,False
KX266311,True,False
KX266312,True,False
KX266313,True,False
KX266314,True,False
KX266315,True,False
KX266316,True,False
KX266317,True,False
KX266318,True,False
KX266319,True,False
KX266320,True,False
KX266321,True,False
KX266322,True,False
KX266323,True,False
KX266324,True,False
KX266325,True,False
KX266326,True,False
KX266327,True,False
KX266328,True,False
KX266329,True,False
KX266330,True,False
KX266331,True,False
KX266332,True,False
KX266333,True,False
KX266334,True,False
KX266335,True,False
KX266336,True,False
KX266337,True,False
KX266338,True,False
KX266339,True,False
KX266340,True,False
KX266341,True,False
KX266342,True,False
KX266343,True,False
KX266344,True,False
KX266345,True,False
KX266346,True,False
KX266347,True,False
KX266348,True,False
KX266349,True,False
KX266350,True,False
KX266351,True,False
KX266352,True,False
KX266353,True,False
KX266354,True,False
KX266355,True,False
KX266356,True,False
KX266357,True,False
KX266358,True,False
KX266359,True,False
KX266360,True,False
KX266361,True,False
KX266362,True,False
KX266363,True,False
KX266364,True,False
KX266365,True,False
KX266366,True,False
KX266367,True,False
KX266368,True,False
KX266369,True,False
KX266370,True,False
KX266371,True,False
KX266372,True,False
KX266373,True,False
KX266374,True,False
KX266375,True,False
KX266376,True,False
KX266377,True,False
KX266378,True,False
KX266379,True,False
KX266380,True,False
KX266381,True,False
KX266382,True,False
KX266383,True,False
KX266384,True,False
KX266385,True,False
KX266386,True,False
KX266387,True,False
KX266388,True,False
KX266389,True,False
KX266390,True,False
KX266391,True,False
KX266392,True,False
KX266393,True,False
KX266394,True,False
KX266395,True,False
KX266396,True,False
KX266397,True,False
KX266398,True,False
KX266399,True,False
KX266400,True,False
KX266401,True,False
KX266402,True,False
KX266403,True,False
KX266404,True,False
KX266405,True,False
KX266406,True,False
KX266407,True,False
KX266408,True,False
KX266409,True,False
KX266410,True,False
KX266411,True,False
KX266412,True,False
KX266413,True,False
KX266414,True,False
KX266415,True,False
KX266416,True,False
KX266417,True,False
KX266418,True,False
KX266419,True,False
KX266420,True,False
KX266421,True,False
KX266422,True,False
KX266423,True,False
KX266424,True,False
KX266425,True,False
KX266426,True,False
KX266427,True,False
KX266428,True,False
KX266429,True,False
KX266430,True,False
KX266431,True,False
KX266432,True,False
KX266433,True,False
KX266434,True,False
KX266435,True,False
KX266436,True,False
KX266437,True,False
KX266438,True,False
KX266439,True,False
KX266440,True,False
KX266441,True,False
KX266442,True,False
KX266443,True,False
KX266444,True,False
KX266445,True,False
KX266446,True,False
KX266447,True,False
KX266448,True,False
KX266449,True,False
KX266450,True,False
KX266451,True,False
KX266452,True,False
KX266453,True,False
KX266454,True,False
KX266455,True,False
KX266456,True,False
KX266457,True,False
KX266458,True,False
KX266459,True,False
KX266460,True,False
KX266461,True,False
KX266462,True,False
KX266463,True,False
KX266464,True,False
KX266465,True,False
KX266466,True,False
KX266467,True,False
KX266468,True,False
KX266469,True,False
KX266470,True,False
KX266471,True,False
KX266472,True,False
KX266473,True,False
KX266474,True,False
KX266475,True,False
KX266476,True,False
KX266477,True,False
KX266478,True,False
KX266479,True,False
KX266480,True,False
KX266481,True,False
KX266482,True,False
KX266483,True,False
KX266484,True,False
KX266485,True,False
KX266486,True,False
KX266487,True,False
KX266488,True,False
KX266489,True,False
KX266490,True,False
KX266491,True,False
KX266492,True,False
KX266493,True,False
KX266494,True,False
KX266495,True,False
KX266496,True,False
KX266497,True,False
KX266498,True,False
KX266499,True,False
KX266500,True,False
KX266501,True,False
KX266502,True,False
KX266503,True,False
KX266504,True,False
KX266505,True,False
KX266506,True,False
KX266507,True,False
KX266508,True,False
KX266509,True,False
KX266510,True,False
KX266511,True,False
KX266512,True,False
KX266513,True,False
KX266514,True,False
KX266515,True,False
KX266516,True,False
KX266517,True,False
KX266518,True,False
KX266519,True,False
KX266520,True,False
KX266521,True,False
KX266522,True,False
KX266523,True,False
KX266524,True,False
KX266525,True,False
KX266526,True,False
KX266527,True,False
KX266528,True,False
KX266529,True,False
KX266530,True,False
KX266531,True,False
KX266532,True,False
KX266533,True,False
KX266534,True,False
KX266535,True,False
KX266536,True,False
KX266537,True,False
KX266538,True,False
KX266539,True,False
KX266540,True,False
KX266541,True,False
KX266542,True,False
KX266543,True,False
KX266544,True,False
KX266545,True,False
KX266546,True,False
KX266547,True,False
KX266548,True,False
KX266549,True,False
KX266550,True,False
KX266551,True,False
KX266552,True,False
KX266553,True,False
KX266554,True,False
KX266555,True,False
KX266556,True,False
KX266557,True,False
KX266558,True,False
KX266559,True,False
KX266560,True,False
KX266561,True,False
KX266562,True,False
KX266563,True,False
KX266564,True,False
KX266565,True,False
KX266566,True,False
KX266567,True,False
KX266568,True,False
KX266569,True,False
KX266570,True,False
KX266571,True,False
KX266572,True,False
KX266573,True,False
KX266574,True,False
KX266575,True,False
KX266576,True,False
KX266577,True,False
KX266578,True,False
KX266579,True,False
KX266580,True,False
KX266581,True,False
KX266582,True,False
KX266583,True,False
KX266584,True,False
KX266585,True,False
KX266586,True,False
KX266587,True,False
KX266588,True,False
KX266589,True,False
KX266590,True,False
KX266591,True,False
KX266592,True,False
KX266593,True,False
KX266594,True,False
KX266595,True,False
KX266596,True,False
KX266597,True,False
KX266598,True,False
KX266599,True,False
KX266600,True,False
KX266601,True,False
KX266602,True,False
KX266603,True,False
KX266604,True,False
KX266605,True,False
KX266606,True,False
KX266607,True,False
KX266608,True,False
KX266609,True,False
KX266610,True,False
KX266611,True,False
KX266612,True,False
KX266613,True,False
KX266614,True,False
KX266615,True,False
KX266616,True,False
KX266617,True,False
KX266618,True,False
KX266619,True,False
KX266620,True,False
KX266621,True,False
KX266622,True,False
KX266623,True,False
KX266624,True,False
KX266625,True,False
KX266626,True,False
KX266627,True,False
KX266628,True,False
KX266629,True,False
KX266630,True,False
KX266631,True,False
KX266632,True,False
KX266633,True,False
KX266634,True,False
KX266635,True,False
KX266636,True,False
KX266637,True,False
KX268652,True,False
KX278418,True,False
KX278419,True,False
KX279892,True,False
KX284704,False,True
KX344445,False,True
KX344510,True,False
KX346236,False,True
KX346237,False,True
KX346238,False,True
KX346239,False,True
KX346240,False,True
KX346241,False,True
KX346242,False,True
KX346243,False,True
KX346244,False,True
KX346245,False,True
KX346246,False,True
KX346247,False,True
KX346248,False,True
KX346249,False,True
KX346250,False,True
KX349226,True,False
KX349227,True,False
KX349228,True,False
KX349229,True,False
KX349230,True,False
KX349231,True,False
KX349232,True,False
KX349233,True,False
KX349234,True,False
KX349235,True,False
KX349236,True,False
KX349237,True,False
KX349238,True,False
KX349239,True,False
KX349240,True,False
KX349241,True,False
KX349242,True,False
KX349243,True,False
KX349244,True,False
KX349245,True,False
KX349246,True,False
KX349247,True,False
KX349248,True,False
KX349249,True,False
KX349250,True,False
KX349251,True,False
KX349252,True,False
KX349253,True,False
KX349254,True,False
KX349255,True,False
KX349256,True,False
KX349257,True,False
KX349258,True,False
KX349259,True,False
KX349260,True,False
KX349261,True,False
KX349262,True,False
KX349263,True,False
KX349264,True,False
KX349265,True,False
KX349266,True,False
KX349267,True,False
KX349268,True,False
KX349269,True,False
KX349270,True,False
KX349271,True,False
KX349272,True,False
KX349273,True,False
KX349274,True,False
KX349275,True,False
KX349276,True,False
KX349277,True,False
KX349278,True,False
KX349279,True,False
KX349280,True,False
KX349281,True,False
KX349282,True,False
KX349283,True,False
KX349284,True,False
KX349285,True,False
KX349286,True,False
KX349287,True,False
KX349288,True,False
KX349289,True,False
KX349290,True,False
KX349291,True,False
KX349292,True,False
KX349293,True,False
KX349294,True,False
KX349295,True,False
KX349296,True,False
KX349297,True,False
KX349298,True,False
KX349299,True,False
KX349300,True,False
KX349301,True,False
KX349302,True,False
KX349303,True,False
KX349304,True,False
KX349305,True,False
KX349306,True,False
KX349307,True,False
KX349308,True,False
KX349309,True,False
KX349310,True,False
KX349311,True,False
KX349312,True,False
KX349313,True,False
KX349314,True,False
KX349315,True,False
KX349316,True,False
KX349317,True,False
KX349318,True,False
KX349319,True,False
KX349320,True,False
KX349321,True,False
KX349322,True,False
KX349323,True,False
KX349324,True,False
KX349325,True,False
KX349326,True,False
KX349327,True,False
KX349899,False,True
KX349900,False,True
KX349901,False,True
KX349902,False,True
KX349903,False,True
KX365747,True,False
KX365748,True,False
KX369583,False,True
KX369584,False,True
KX369585,False,True
KX369586,False,True
KX373685,False,True
KX373686,False,True
KX373687,False,True
KX373688,False,True
KX373689,False,True
KX373690,False,True
KX373691,False,True
KX373692,False,True
KX375815,False,True
KX377933,True,False
KX379664,False,True
KX379665,False,True
KX379666,False,True
KX379667,False,True
KX379668,False,True
KX379669,False,True
KX379670,False,True
KX379671,False,True
KX379672,False,True
KX379673,False,True
KX397364,True,False
KX397365,True,False
KX397366,True,False
KX397367,True,False
KX397368,True,False
KX397369,True,False
KX397370,True,False
KX397371,True,False
KX397372,True,False
KX397373,True,False
KX405002,True,False
KX405003,True,False
KX431559,True,False
KX431560,True,False
KX431888,True,False
KX438380,True,False
KX443326,False,True
KX443552,True,False
KX443695,False,True
KX443696,False,True
KX449361,True,False
KX449362,True,False
KX449363,True,False
KX452695,True,False
KX452696,True,False
KX452697,True,False
KX452698,True,False
KX452699,True,False
KX452700,True,False
KX455876,True,False
KX456206,False,True
KX456207,False,True
KX456208,False,True
KX456209,False,True
KX456210,False,True
KX456211,False,True
KX456212,False,True
KX456213,False,True
KX458236,False,True
KX458237,False,True
KX458241,True,False
KX467643,True,False
KX495186,False,True
KX507045,True,False
KX507046,True,False
KX507343,False,True
KX507344,False,True
KX507345,False,True
KX507361,False,True
KX507362,False,True
KX522565,True,False
KX522649,False,True
KX522650,False,True
KX522943,False,True
KX523125,False,True
KX523699,True,False
KX532239,False,True
KX534004,False,True
KX534335,True,False
KX534336,True,False
KX534337,True,False
KX534338,True,False
KX534339,True,False
KX534341,True,False
KX550065,False,True
KX550082,False,True
KX550441,False,True
KX550442,False,True
KX550443,False,True
KX552041,True,False
KX555527,False,True
KX557234,False,True
KX557272,False,True
KX557273,False,True
KX557274,False,True
KX557275,False,True
KX557276,False,True
KX557277,False,True
KX557278,False,True
KX557279,False,True
KX557280,False,True
KX557281,False,True
KX557282,False,True
KX557283,False,True
KX557284,False,True
KX557285,False,True
KX557286,False,True
KX557287,False,True
KX557288,False,True
KX574454,False,True
KX574455,False,True
KX576638,False,True
KX576639,False,True
KX576640,False,True
KX576641,False,True
KX576642,False,True
KX576643,False,True
KX576644,False,True
KX576645,False,True
KX576646,False,True
KX576647,False,True
KX578042,False,True
KX578043,False,True
KX578044,False,True
KX578071,False,True
KX579975,False,True
KX580961,False,True
KX580962,False,True
KX581090,True,False
KX581091,True,False
KX581092,True,False
KX581093,True,False
KX581094,True,False
KX581095,True,False
KX581096,True,False
KX581097,True,False
KX581098,True,False
KX581099,True,False
KX581100,True,False
KX585251,False,True
KX585252,False,True
KX585253,False,True
KX587949,True,False
KX588251,False,True
KX589269,False,True
KX591654,True,False
KX592589,False,True
KX607101,True,False
KX607102,True,False
KX610764,False,True
KX610765,False,True
KX611788,False,True
KX611831,False,True
KX619650,False,True
KX619651,False,True
KX620748,False,True
KX620749,False,True
KX620750,False,True
KX620751,False,True
KX620752,False,True
KX620753,False,True
KX620754,False,True
KX620786,False,True
KX621004,False,True
KX621005,False,True
KX621007,False,True
KX636165,False,True
KX640831,False,True
KX641260,False,True
KX641261,False,True
KX641262,False,True
KX641263,False,True
KX641264,False,True
KX641265,False,True
KX641266,False,True
KX648373,False,True
KX648391,False,True
KX649889,True,False
KX656785,True,False
KX657793,False,True
KX657794,False,True
KX657795,False,True
KX657796,False,True
KX660669,True,False
KX664447,False,True
KX664448,False,True
KX664455,False,True
KX664695,True,False
KX669227,True,False
KX669658,True,False
KX670786,False,True
KX670787,False,True
KX670788,False,True
KX670789,False,True
KX670790,False,True
KX670813,False,True
KX670828,False,True
KX683292,False,True
KX683293,False,True
KX683423,False,True
KX683428,False,True
KX683875,False,True
KX683876,False,True
KX685355,False,True
KX688047,False,True
KX688102,False,True
KX688103,False,True
KX689784,True,False
KX702319,False,True
KX702320,False,True
KX711710,True,False
KX712070,True,False
KX712071,True,False
KX712143,True,False
KX712236,False,True
KX712237,False,True
KX712238,False,True
KX721255,False,True
KX721256,False,True
KX752698,False,True
KX756439,False,True
KX756572,True,False
KX758538,False,True
KX758539,False,True
KX765862,True,False
KX765863,True,False
KX765864,True,False
KX765865,True,False
KX774321,False,True
KX774374,True,False
KX776161,True,False
KX778611,True,False
KX781992,False,True
KX808129,False,True
KX808130,False,True
KX808131,False,True
KX808132,False,True
KX815338,False,True
KX817173,False,True
KX817174,False,True
KX817175,False,True
KX822733,True,False
KX826077,True,False
KX827368,False,True
KX827369,False,True
KX827370,False,True
KX827371,False,True
KX828710,True,False
KX828711,True,False
KX831080,False,True
KX833211,True,False
KX833905,False,True
KX834009,False,True
KX845404,True,False
KX855961,False,True
KX855962,False,True
KX856662,True,False
KX879601,True,False
KX879602,True,False
KX879627,True,False
KX879641,False,True
KX879642,False,True
KX879643,False,True
KX879752,True,False
KX889068,True,False
KX897981,False,True
KX898399,True,False
KX898400,True,False
KX905163,False,True
KX911187,False,True
KX912252,True,False
KX925554,False,True
KX961385,True,False
KX961629,False,True
KX961630,False,True
KX961631,False,True
KX961632,False,True
KX965989,False,True
KX982260,True,False
KX987127,True,False
KX987158,True,False
KX987999,False,True
KY000003,True,False
KY000079,True,False
KY000080,True,False
KY000081,True,False
KY000082,True,False
KY000083,True,False
KY000084,False,True
KY000085,False,True
KY000218,True,False
KY000219,True,False
KY000220,True,False
KY000221,True,False
KY002061,True,False
KY006473,False,True
KY006474,False,True
KY006853,True,False
KY012363,False,True
KY014601,True,False
KY022433,True,False
KY030782,False,True
KY038360,False,True
KY045851,True,False
KY056619,True,False
KY056620,False,True
KY065147,True,False
KY065148,True,False
KY065149,True,False
KY065449,False,True
KY065450,False,True
KY065451,False,True
KY065452,False,True
KY065453,False,True
KY065454,False,True
KY065455,False,True
KY065456,False,True
KY065457,False,True
KY065458,False,True
KY065459,False,True
KY065460,False,True
KY065461,False,True
KY065462,False,True
KY065463,False,True
KY065464,False,True
KY065465,False,True
KY065466,False,True
KY065467,False,True
KY065468,False,True
KY065469,False,True
KY065470,False,True
KY065471,False,True
KY065472,False,True
KY065473,False,True
KY065474,False,True
KY065475,False,True
KY065476,False,True
KY065477,False,True
KY065478,False,True
KY065479,False,True
KY065480,False,True
KY065481,False,True
KY065482,False,True
KY065483,False,True
KY065484,False,True
KY065485,False,True
KY065486,False,True
KY065487,False,True
KY065488,False,True
KY065489,False,True
KY065490,False,True
KY065491,False,True
KY065492,False,True
KY065493,False,True
KY065494,False,True
KY065495,False,True
KY065496,False,True
KY065497,False,True
KY065498,False,True
KY065499,False,True
KY065500,False,True
KY065501,False,True
KY065502,False,True
KY065503,False,True
KY065504,False,True
KY065505,False,True
KY073123,True,False
KY073228,True,False
KY082667,True,False
KY083058,False,True
KY083059,False,True
KY083060,False,True
KY083061,False,True
KY083062,False,True
KY083063,False,True
KY083726,True,False
KY084243,True,False
KY087898,True,False
KY087992,False,True
KY087993,False,True
KY092479,False,True
KY092480,False,True
KY092481,False,True
KY092482,False,True
KY092483,False,True
KY092484,False,True
KY114934,True,False
KY117485,True,False
KY124276,True,False
KY130461,False,True
KY176369,True,False
KY203335,False,True
KY204244,False,True
KY204245,False,True
KY204246,False,True
KY204247,False,True
KY204248,False,True
KY204249,False,True
KY204250,False,True
KY204251,False,True
KY206887,False,True
KY210139,True,False
KY213952,False,True
KY223999,False,True
KY224000,False,True
KY224001,False,True
KY245949,True,False
KY245950,True,False
KY249644,True,False
KY250034,True,False
KY250035,True,False
KY250482,False,True
KY264020,True,False
KY268295,True,False
KY268296,True,False
KY271395,True,False
KY271396,True,False
KY271397,True,False
KY271398,True,False
KY271399,True,False
KY271400,True,False
KY271401,True,False
KY271402,True,False
KY290756,True,False
KY290947,True,False
KY290948,True,False
KY290949,True,False
KY290950,True,False
KY290951,True,False
KY290952,True,False
KY290953,True,False
KY290954,True,False
KY290955,True,False
KY290956,True,False
KY290957,True,False
KY290958,True,False
KY290975,True,False
KY295891,True,False
KY295892,True,False
KY295893,True,False
KY295894,True,False
KY295895,True,False
KY295896,True,False
KY295897,True,False
KY295898,True,False
KY295899,True,False
KY296500,True,False
KY296501,True,False
KY303907,False,True
KY316062,True,False
KY318515,True,False
KY319168,False,True
KY348865,False,True
KY349816,False,True
KY363359,False,True
KY363465,True,False
KY365739,False,True
KY368639,False,True
KY368640,False,True
KY379511,True,False
KY379853,True,False
KY380102,False,True
KY381600,False,True
KY385380,False,True
KY385381,False,True
KY385382,False,True
KY385383,False,True
KY385384,False,True
KY385423,True,False
KY389063,False,True
KY389064,False,True
KY389315,True,False
KY389316,True,False
KY398841,True,False
KY417925,True,False
KY420199,True,False
KY421186,True,False
KY434670,False,True
KY435490,True,False
KY442063,False,True
KY448244,True,False
KY450753,True,False
KY464836,True,False
KY464936,False,True
KY471266,False,True
KY471267,False,True
KY471268,False,True
KY471269,False,True
KY471386,False,True
KY471460,False,True
KY472224,False,True
KY499642,True,False
KY514263,True,False
KY514264,True,False
KY514265,True,False
KY549152,False,True
KY549153,False,True
KY549154,False,True
KY549155,False,True
KY549443,False,True
KY549659,True,False
KY554760,False,True
KY554761,False,True
KY554762,False,True
KY554763,False,True
KY554764,False,True
KY554765,False,True
KY554766,False,True
KY554767,False,True
KY554768,False,True
KY554769,False,True
KY554770,False,True
KY554771,False,True
KY554772,False,True
KY554773,False,True
KY554774,False,True
KY554775,False,True
KY554776,False,True
KY554777,False,True
KY555142,True,False
KY555143,True,False
KY555144,True,False
KY555145,True,False
KY555146,True,False
KY555147,True,False
KY563228,True,False
KY565347,False,True
KY566218,False,True
KY575286,True,False
KY579375,True,False
KY581279,False,True
KY593455,True,False
KY606587,True,False
KY608966,True,False
KY608967,True,False
KY612839,True,False
KY613597,False,True
KY618819,True,False
KY619305,True,False
KY620117,True,False
KY622015,True,False
KY624610,False,True
KY624611,False,True
KY624612,False,True
KY624613,False,True
KY624614,False,True
KY624615,False,True
KY624616,False,True
KY626162,True,False
KY626163,True,False
KY626176,True,False
KY626177,True,False
KY629563,True,False
KY629621,False,True
KY630163,True,False
KY630187,True,False
KY652723,True,False
KY652724,True,False
KY652725,True,False
KY652726,True,False
KY653116,False,True
KY653117,False,True
KY653118,True,False
KY653119,True,False
KY653120,False,True
KY653123,False,True
KY653124,False,True
KY653125,False,True
KY653126,False,True
KY653127,False,True
KY653129,False,True
KY653237,True,False
KY654690,True,False
KY657202,True,False
KY658673,True,False
KY658674,True,False
KY658675,True,False
KY658676,True,False
KY658677,True,False
KY658678,True,False
KY658679,True,False
KY658680,True,False
KY661963,True,False
KY670595,True,False
KY676783,False,True
KY676784,False,True
KY677846,True,False
KY683735,True,False
KY683736,True,False
KY684082,True,False
KY694971,True,False
KY695153,False,True
KY695239,True,False
KY695241,True,False
KY697807,True,False
KY702574,False,True
KY703222,True,False
KY705251,False,True
KY705252,False,True
KY705253,False,True
KY705254,False,True
KY705255,False,True
KY705256,False,True
KY705257,False,True
KY705258,False,True
KY705259,False,True
KY705260,False,True
KY705261,False,True
KY705262,False,True
KY705263,False,True
KY705264,False,True
KY705265,False,True
KY705266,False,True
KY705267,False,True
KY705268,False,True
KY705269,False,True
KY705270,False,True
KY705271,False,True
KY705272,False,True
KY705273,False,True
KY705274,False,True
KY705275,False,True
KY705276,False,True
KY705277,False,True
KY705278,False,True
KY705279,False,True
KY705280,False,True
KY705281,False,True
KY705282,False,True
KY705283,False,True
KY705284,False,True
KY705285,False,True
KY705286,False,True
KY705287,False,True
KY705288,False,True
KY705289,False,True
KY705290,False,True
KY705409,True,False
KY707339,True,False
KY709296,True,False
KY709687,True,False
KY742649,True,False
KY744228,True,False
KY744229,True,False
KY744230,True,False
KY744231,True,False
KY744232,True,False
KY744233,True,False
KY744234,True,False
KY744235,True,False
KY744240,False,True
KY744566,True,False
KY769270,True,False
KY779848,False,True
KY779849,False,True
KY780482,True,False
KY783914,False,True
KY787212,True,False
KY787213,True,False
KY794641,False,True
KY794642,False,True
KY794643,False,True
KY798120,True,False
KY798121,True,False
KY798216,False,True
KY817360,False,True
KY821088,False,True
KY829116,True,False
KY853667,True,False
KY860935,True,False
KY883634,True,False
KY883635,True,False
KY883636,True,False
KY883637,True,False
KY883638,True,False
KY883639,True,False
KY883640,True,False
KY883641,True,False
KY883642,True,False
KY883643,True,False
KY883644,True,False
KY883645,True,False
KY883646,True,False
KY883647,True,False
KY883648,True,False
KY883649,True,False
KY883650,True,False
KY883651,True,False
KY883652,True,False
KY883653,True,False
KY883654,True,False
KY883655,True,False
KY883656,True,False
KY883657,True,False
KY883658,True,False
KY888143,False,True
KY888680,True,False
KY888882,False,True
KY888885,True,False
KY914478,True,False
KY914485,True,False
KY921761,False,True
KY926698,False,True
KY926699,False,True
KY926791,True,False
KY926792,False,True
KY926793,False,True
KY940711,True,False
KY942056,True,False
KY942057,True,False
KY945241,True,False
KY945355,False,True
KY947509,False,True
KY951963,True,False
KY951964,True,False
KY953156,True,False
KY962008,True,False
KY963369,False,True
KY963370,False,True
KY963371,False,True
KY963424,True,False
KY965063,False,True
KY965064,False,True
KY965065,False,True
KY965066,False,True
KY965934,True,False
KY969628,False,True
KY971609,True,False
KY971610,True,False
KY971611,True,False
KY979108,True,False
KY979132,True,False
KY979235,True,False
KY979236,True,False
KY979237,True,False
KY979238,True,False
KY979239,True,False
KY979240,True,False
KY979241,True,False
KY979242,True,False
KY979243,True,False
KY979244,True,False
KY979245,True,False
KY979246,True,False
KY979247,True,False
KY981271,True,False
KY981272,True,False
KY984068,True,False
KY985004,True,False
KY992519,True,False
KY992520,True,False
KY994101,True,False
KY996523,False,True
L06183,False,True
L13696,False,True
L33769,False,True
L35061,False,True
L48605,False,True
LC035386,True,False
LC063634,True,False
LC064302,True,False
LC066596,True,False
LC102729,True,False
LC102730,True,False
LC105987,True,False
LC105988,True,False
LC105989,True,False
LC105990,True,False
LC121084,True,False
LC168164,True,False
LC208019,True,False
LC210520,True,False
LC216347,True,False
LC348379,True,False
LC348380,True,False
LC371242,True,False
LC373201,True,False
LC375533,True,False
LC413193,True,False
LC413194,True,False
LC413195,True,False
LC465543,True,False
LC472881,True,False
LC472882,True,False
LC472883,True,False
LC472884,True,False
LC473039,True,False
LC483177,True,False
LC487410,True,False
LC487996,True,False
LC487997,True,False
LC492751,False,True
LC492752,False,True
LC494302,True,False
LC507823,True,False
LC513943,False,True
LC516895,True,False
LC519489,True,False
LC519601,True,False
LC528882,True,False
LC541428,False,True
LC545443,True,False
LC545444,True,False
LC545445,True,False
LC545446,True,False
LC547238,False,True
LC552830,True,False
LC553734,True,False
LC553735,True,False
LC553736,True,False
LC554890,True,False
LC557520,False,True
LC574321,False,True
LC576631,False,True
LC589952,True,False
LC592711,True,False
LC596377,False,True
LC596378,False,True
LC596379,False,True
LC597490,False,True
LC620505,True,False
LC623721,False,True
LC625742,False,True
LC628082,False,True
LC644557,False,True
LC644971,True,False
LC644972,True,False
LC644973,True,False
LC644974,True,False
LC644975,True,False
LC644976,True,False
LC645427,True,False
LC645450,True,False
LC647030,False,True
LC648442,False,True
LC648443,True,False
LC659915,True,False
LC667450,True,False
LC667451,True,False
LC667452,True,False
LC680884,False,True
LC680885,False,True
LC709172,False,True
LC710217,True,False
LC710218,True,False
LC710219,True,False
LC727695,True,False
LC727696,True,False
LC727697,True,False
LC727698,True,False
LC727699,True,False
LC727700,True,False
LC727701,True,False
LC727904,True,False
LC730317,False,True
LC730319,True,False
LC730320,False,True
LC730322,True,False
LC730323,True,False
LC730325,True,False
LC739530,True,False
LC739531,True,False
LC739532,True,False
LC739533,True,False
LC739534,True,False
LC739535,True,False
LC739536,True,False
LC739537,True,False
LC739538,True,False
LC739539,True,False
LC739540,True,False
LC739541,True,False
LC739542,True,False
LC742552,False,True
LC754405,True,False
LC765218,True,False
LC768462,True,False
LC768463,True,False
LC768464,True,False
LC768465,True,False
LC768466,True,False
LC768467,True,False
LC768468,True,False
LC768469,True,False
LC768470,True,False
LC768471,True,False
LC768472,True,False
LC768473,True,False
LC768474,True,False
LC768475,True,False
LC768476,True,False
LC768477,True,False
LC768478,True,False
LC768479,True,False
LC768480,True,False
LC768481,True,False
LC768482,True,False
LC768483,True,False
LC768484,True,False
LC768485,True,False
LC768486,True,False
LC768487,True,False
LC768488,True,False
LC768489,True,False
LC768490,True,False
LC768491,True,False
LC768492,True,False
LC768493,True,False
LC768494,True,False
LC768495,True,False
LC768496,True,False
LC768497,True,False
LC768498,True,False
LC768499,True,False
LC768500,True,False
LC776701,True,False
LC778249,True,False
LC778250,True,False
LC778449,True,False
LC779065,True,False
LC779549,True,False
LC779550,False,True
LC785692,False,True
LC788703,False,True
LC788704,False,True
LC788705,True,False
LC788706,True,False
LC788707,True,False
LC788708,True,False
LC788709,True,False
LC788710,True,False
LC788711,True,False
LK392619,False,True
LK985321,False,True
LK985322,False,True
LN610572,True,False
LN610573,True,False
LN610574,True,False
LN610575,True,False
LN610576,True,False
LN610577,True,False
LN610578,True,False
LN610579,True,False
LN610580,True,False
LN610581,True,False
LN610582,True,False
LN610583,True,False
LN610584,True,False
LN610585,True,False
LN610586,True,False
LN610587,True,False
LN610588,True,False
LN610589,True,False
LN610590,True,False
LN681534,False,True
LN681535,False,True
LN681536,False,True
LN681537,False,True
LN681538,False,True
LN681539,False,True
LN681540,False,True
LN681541,False,True
LN681542,False,True
LN828717,True,False
LN866626,True,False
LN878149,True,False
LN881725,True,False
LN881726,True,False
LN881727,True,False
LN881728,True,False
LN881729,True,False
LN881730,True,False
LN881731,True,False
LN881732,True,False
LN881733,True,False
LN881734,True,False
LN881735,True,False
LN881736,True,False
LN881737,True,False
LN881738,False,True
LN885237,False,True
LN887844,True,False
LN887948,True,False
LN889756,True,False
LN889992,True,False
LN889995,True,False
LN890663,True,False
LN898172,True,False
LN913017,True,False
LN997803,True,False
LR025195,True,False
LR025196,True,False
LR025197,True,False
LR025198,True,False
LR026998,True,False
LR027383,True,False
LR027384,True,False
LR027385,True,False
LR027386,True,False
LR027387,True,False
LR027388,True,False
LR027389,True,False
LR027390,True,False
LR027391,True,False
LR031359,False,True
LR215718,False,True
LR215719,False,True
LR215720,False,True
LR215721,False,True
LR215722,True,False
LR215723,True,False
LR215724,True,False
LR535901,True,False
LR535902,True,False
LR535903,True,False
LR535904,True,False
LR535905,True,False
LR535906,True,False
LR535907,True,False
LR535908,True,False
LR535909,True,False
LR535910,True,False
LR535911,True,False
LR535912,True,False
LR535913,True,False
LR535914,True,False
LR535915,True,False
LR535916,True,False
LR535917,True,False
LR535918,True,False
LR535919,True,False
LR535920,True,False
LR535921,True,False
LR588166,True,False
LR595850,True,False
LR595859,True,False
LR595860,True,False
LR595861,True,False
LR595862,True,False
LR595863,True,False
LR595864,True,False
LR595865,True,False
LR595866,True,False
LR595867,True,False
LR595868,True,False
LR596614,True,False
LR596615,True,False
LR596902,False,True
LR596903,False,True
LR597635,True,False
LR597636,True,False
LR597637,True,False
LR597638,True,False
LR597639,True,False
LR597640,True,False
LR597641,True,False
LR597642,True,False
LR597643,True,False
LR597644,True,False
LR597645,True,False
LR597646,True,False
LR597647,True,False
LR597648,True,False
LR597649,True,False
LR597650,True,False
LR597651,True,False
LR597652,True,False
LR597653,True,False
LR597654,True,False
LR597655,True,False
LR597656,True,False
LR597657,True,False
LR597658,True,False
LR597659,True,False
LR597660,True,False
LR597663,True,False
LR694165,True,False
LR694610,True,False
LR694611,True,False
LR699048,True,False
LR699804,True,False
LR743523,True,False
LR743524,True,False
LR743528,True,False
LR743529,True,False
LR743530,True,False
LR743531,True,False
LR743532,True,False
LR745706,True,False
LR745707,True,False
LR745708,True,False
LR745709,True,False
LR745710,True,False
LR746137,True,False
LR746310,True,False
LR746311,True,False
LR757892,True,False
LR778216,True,False
LR794124,True,False
LR794148,True,False
LR800396,True,False
LR811967,True,False
LR811968,True,False
LR811969,True,False
LR813619,True,False
LR865361,True,False
LR877331,True,False
LR877332,True,False
LR880803,True,False
LR881103,True,False
LR881104,True,False
LR990702,True,False
LR990704,True,False
LR990833,False,True
LR990834,False,True
LR990835,False,True
LR991625,False,True
LR999870,True,False
LR999871,True,False
LT546029,False,True
LT594300,True,False
LT600745,False,True
LT603033,True,False
LT603684,True,False
LT607758,True,False
LT608331,True,False
LT614807,True,False
LT615366,False,True
LT630001,False,True
LT841304,True,False
LT907986,True,False
LT960551,True,False
LT960552,True,False
LT960606,True,False
LT960607,True,False
LT960608,False,True
LT960609,True,False
LT960610,False,True
LT961732,True,False
LT961836,True,False
LT961837,True,False
LT961838,True,False
LT961840,True,False
LT961841,True,False
LT961842,True,False
LT961843,True,False
LT961844,True,False
LT961845,True,False
LT961846,True,False
LT962379,True,False
LT962380,True,False
LT962475,True,False
LT962906,True,False
LT962907,True,False
LT986460,True,False
LT992259,True,False
LT999987,True,False
M11813,False,True
M11912,True,False
M17988,False,True
M19377,True,False
M64097,True,False
MF001354,True,False
MF001355,True,False
MF001356,True,False
MF001358,False,True
MF001359,True,False
MF001360,True,False
MF001361,False,True
MF001362,True,False
MF001363,True,False
MF001365,False,True
MF001366,True,False
MF001367,False,True
MF033347,True,False
MF033348,True,False
MF033349,True,False
MF033350,True,False
MF033351,True,False
MF034659,True,False
MF036690,True,False
MF036691,True,False
MF036692,True,False
MF038790,False,True
MF038791,False,True
MF041990,False,True
MF042360,True,False
MF042361,True,False
MF044457,True,False
MF044458,True,False
MF063068,True,False
MF072690,False,True
MF074189,True,False
MF093736,True,False
MF098558,True,False
MF101922,True,False
MF133445,False,True
MF133446,False,True
MF140397,False,True
MF140398,False,True
MF140399,False,True
MF140400,False,True
MF140401,False,True
MF140402,False,True
MF140403,False,True
MF140404,False,True
MF140405,False,True
MF140406,False,True
MF140407,False,True
MF140408,False,True
MF140409,False,True
MF140410,False,True
MF140411,False,True
MF140412,False,True
MF140413,False,True
MF140414,False,True
MF140415,False,True
MF140416,False,True
MF140417,False,True
MF140418,False,True
MF140419,False,True
MF140420,False,True
MF140421,False,True
MF140422,False,True
MF140423,False,True
MF140424,False,True
MF140425,False,True
MF140426,False,True
MF140427,False,True
MF140428,False,True
MF140429,False,True
MF140430,False,True
MF140431,False,True
MF140432,False,True
MF140433,False,True
MF140434,False,True
MF140435,False,True
MF141539,False,True
MF141540,False,True
MF150911,True,False
MF153391,True,False
MF155889,True,False
MF155936,False,True
MF155946,False,True
MF155947,False,True
MF156577,False,True
MF156578,False,True
MF156580,False,True
MF158036,True,False
MF158037,True,False
MF158038,True,False
MF158039,True,False
MF158040,True,False
MF158041,True,False
MF158042,True,False
MF158043,True,False
MF158044,True,False
MF158045,True,False
MF158046,True,False
MF161328,False,True
MF166859,True,False
MF172979,False,True
MF176161,False,True
MF185717,False,True
MF185718,False,True
MF185719,False,True
MF185720,False,True
MF185721,False,True
MF185722,False,True
MF185723,False,True
MF185724,False,True
MF185725,False,True
MF185726,False,True
MF185727,False,True
MF185728,False,True
MF185729,False,True
MF185730,False,True
MF185731,False,True
MF185732,False,True
MF185733,False,True
MF186604,True,False
MF188997,True,False
MF189170,False,True
MF189171,False,True
MF189172,False,True
MF189173,False,True
MF189174,False,True
MF189175,False,True
MF189176,False,True
MF189177,False,True
MF189178,False,True
MF189179,False,True
MF190168,False,True
MF197383,False,True
MF276773,True,False
MF278336,True,False
MF281061,False,True
MF285615,True,False
MF285616,True,False
MF285617,True,False
MF285618,True,False
MF285619,True,False
MF285620,True,False
MF288917,False,True
MF288918,False,True
MF288919,False,True
MF288920,False,True
MF288921,False,True
MF288922,False,True
MF319184,False,True
MF324898,False,True
MF324899,False,True
MF324900,False,True
MF324901,False,True
MF324902,False,True
MF324903,False,True
MF324904,False,True
MF324905,False,True
MF324906,False,True
MF324907,False,True
MF324908,False,True
MF324909,False,True
MF324910,False,True
MF324911,False,True
MF324912,False,True
MF324913,False,True
MF324914,False,True
MF324915,False,True
MF327003,True,False
MF327004,True,False
MF327005,True,False
MF327006,True,False
MF327007,True,False
MF327008,True,False
MF327009,True,False
MF346584,True,False
MF346933,False,True
MF347636,False,True
MF347637,False,True
MF347638,False,True
MF347639,False,True
MF351863,True,False
MF356679,True,False
MF358541,False,True
MF358542,False,True
MF360957,False,True
MF370225,True,False
MF370964,True,False
MF370965,True,False
MF373840,False,True
MF373841,False,True
MF373842,False,True
MF373843,False,True
MF374379,True,False
MF375456,True,False
MF377440,False,True
MF377441,False,True
MF377442,False,True
MF398190,False,True
MF402939,True,False
MF403005,True,False
MF403006,True,False
MF403007,True,False
MF403008,True,False
MF403009,True,False
MF405094,False,True
MF407276,False,True
MF415410,True,False
MF415411,True,False
MF415412,True,False
MF415413,True,False
MF418016,False,True
MF422185,False,True
MF428478,False,True
MF428479,False,True
MF428480,False,True
MF428481,False,True
MF431252,True,False
MF431615,True,False
MF431616,True,False
MF431617,True,False
MF431726,True,False
MF431730,True,False
MF431737,True,False
MF443119,False,True
MF443120,False,True
MF443121,False,True
MF443122,False,True
MF443123,False,True
MF443124,False,True
MF443125,False,True
MF443126,False,True
MF443783,True,False
MF443784,True,False
MF448340,True,False
MF448554,False,True
MF448555,False,True
MF448556,False,True
MF448557,False,True
MF448558,False,True
MF448559,False,True
MF448560,False,True
MF448561,False,True
MF448562,False,True
MF448563,False,True
MF448564,False,True
MF448565,False,True
MF448566,False,True
MF448567,False,True
MF448568,False,True
MF448569,False,True
MF448570,False,True
MF448571,False,True
MF448572,False,True
MF459646,True,False
MF459647,True,False
MF467948,False,True
MF467949,False,True
MF468274,True,False
MF472892,False,True
MF472893,False,True
MF472894,False,True
MF472895,False,True
MF472896,False,True
MF476924,True,False
MF476925,True,False
MF477236,False,True
MF479730,True,False
MF481197,True,False
MF490236,True,False
MF490237,True,False
MF490238,True,False
MF490239,True,False
MF490240,True,False
MF490241,True,False
MF497422,True,False
MF498773,True,False
MF498775,True,False
MF498901,False,True
MF537628,False,True
MF541403,False,True
MF541404,False,True
MF541405,False,True
MF541406,False,True
MF541407,False,True
MF541408,False,True
MF541409,False,True
MF541410,False,True
MF547662,False,True
MF547663,False,True
MF564201,True,False
MF574151,True,False
MF580410,False,True
MF580759,False,True
MF580760,False,True
MF580761,False,True
MF580762,False,True
MF580763,False,True
MF580764,False,True
MF580765,False,True
MF580766,False,True
MF580767,False,True
MF580768,False,True
MF580769,False,True
MF580770,False,True
MF580771,False,True
MF580772,False,True
MF580773,False,True
MF580774,False,True
MF580775,False,True
MF580955,True,False
MF580956,True,False
MF580957,True,False
MF580958,True,False
MF580959,True,False
MF580960,True,False
MF580961,True,False
MF580962,True,False
MF595878,False,True
MF612071,True,False
MF612072,True,False
MF612073,True,False
MF614100,True,False
MF614627,True,False
MF614628,True,False
MF621978,True,False
MF623055,True,False
MF629150,True,False
MF630921,True,False
MF630922,True,False
MF663761,True,False
MF663786,True,False
MF668266,False,True
MF668267,False,True
MF668268,False,True
MF668269,False,True
MF668270,False,True
MF668271,False,True
MF668272,False,True
MF668273,False,True
MF668274,False,True
MF668275,False,True
MF668276,False,True
MF668277,False,True
MF668278,False,True
MF668279,False,True
MF668280,False,True
MF668281,False,True
MF668282,False,True
MF668283,False,True
MF668284,False,True
MF668285,False,True
MF668286,False,True
MF668287,False,True
MF668288,False,True
MF678788,False,True
MF678789,False,True
MF678790,False,True
MF681663,True,False
MF683623,True,False
MF695815,True,False
MF716957,True,False
MF740800,True,False
MF754111,True,False
MF754112,True,False
MF754113,True,False
MF754114,True,False
MF754115,True,False
MF754116,True,False
MF765814,False,True
MF766044,False,True
MF766045,False,True
MF766046,False,True
MF766047,False,True
MF766048,False,True
MF768469,True,False
MF768470,True,False
MF773750,False,True
MF775669,False,True
MF775670,False,True
MF775671,False,True
MF775672,False,True
MF775673,False,True
MF775674,False,True
MF775675,False,True
MF775676,False,True
MF775677,False,True
MF775678,False,True
MF775679,False,True
MF775680,False,True
MF775681,False,True
MF775682,False,True
MF775683,False,True
MF775684,False,True
MF775685,False,True
MF775686,False,True
MF775687,False,True
MF775688,False,True
MF775689,False,True
MF775690,False,True
MF775691,False,True
MF775692,False,True
MF775693,False,True
MF775694,False,True
MF775695,False,True
MF775696,False,True
MF775697,False,True
MF775698,False,True
MF775699,False,True
MF775700,False,True
MF775701,False,True
MF775702,False,True
MF775703,False,True
MF775704,False,True
MF775705,False,True
MF787246,False,True
MF788075,True,False
MF805716,True,False
MF805809,True,False
MF807953,True,False
MF893271,False,True
MF893340,True,False
MF893341,True,False
MF919490,False,True
MF919491,False,True
MF919492,False,True
MF919493,False,True
MF919494,False,True
MF919495,False,True
MF919496,False,True
MF919497,False,True
MF919498,False,True
MF919499,False,True
MF919500,False,True
MF919501,False,True
MF919502,False,True
MF919503,False,True
MF919504,False,True
MF919505,False,True
MF919506,False,True
MF919507,False,True
MF919508,False,True
MF919509,False,True
MF919510,False,True
MF919511,False,True
MF919512,False,True
MF919513,False,True
MF919514,False,True
MF919515,False,True
MF919516,False,True
MF919517,False,True
MF919518,False,True
MF919519,False,True
MF919520,False,True
MF919521,False,True
MF919522,False,True
MF919523,False,True
MF919524,False,True
MF919525,False,True
MF919526,False,True
MF919527,False,True
MF919528,False,True
MF919529,False,True
MF919530,False,True
MF919531,False,True
MF919532,False,True
MF919533,False,True
MF919534,False,True
MF919535,False,True
MF919536,False,True
MF919537,False,True
MF919538,False,True
MF919539,False,True
MF919540,False,True
MF919541,False,True
MF919542,False,True
MF939898,False,True
MF957259,True,False
MF959998,True,False
MF959999,True,False
MF974178,True,False
MF974396,True,False
MF974397,True,False
MF975637,False,True
MF975638,False,True
MF975720,True,False
MF975721,True,False
MF979559,True,False
MF979560,True,False
MF979561,True,False
MF979562,True,False
MF979563,True,False
MF979564,True,False
MF988720,True,False
MF996376,True,False
MF999224,False,True
MG000860,False,True
MG004687,True,False
MG009575,False,True
MG018224,True,False
MG018926,True,False
MG018927,True,False
MG018928,True,False
MG018929,True,False
MG018930,True,False
MG020111,False,True
MG029509,False,True
MG029510,False,True
MG029511,False,True
MG029512,False,True
MG029513,False,True
MG029514,False,True
MG029515,False,True
MG029516,False,True
MG029517,False,True
MG029518,False,True
MG030346,True,False
MG030347,True,False
MG049919,True,False
MG050172,True,False
MG065635,True,False
MG065636,True,False
MG065637,True,False
MG065639,True,False
MG065640,True,False
MG065641,True,False
MG065642,True,False
MG065643,True,False
MG065644,True,False
MG065645,True,False
MG065646,True,False
MG065647,True,False
MG065648,True,False
MG065649,True,False
MG065650,True,False
MG065652,True,False
MG065653,True,False
MG065654,True,False
MG065655,True,False
MG065656,True,False
MG065657,True,False
MG065658,True,False
MG065659,True,False
MG065661,True,False
MG065662,True,False
MG065663,True,False
MG065664,True,False
MG065665,True,False
MG065666,True,False
MG065667,True,False
MG065668,True,False
MG065669,True,False
MG065670,True,False
MG065671,True,False
MG065672,True,False
MG065674,True,False
MG065675,True,False
MG065676,True,False
MG065677,True,False
MG065679,True,False
MG065680,True,False
MG065681,True,False
MG065682,True,False
MG065684,True,False
MG065687,True,False
MG065688,True,False
MG065689,True,False
MG065690,True,False
MG065692,True,False
MG099933,True,False
MG099934,False,True
MG099935,False,True
MG099936,False,True
MG099937,False,True
MG099938,False,True
MG099939,False,True
MG099940,False,True
MG099941,False,True
MG099942,False,True
MG099943,False,True
MG099944,False,True
MG099945,False,True
MG099946,False,True
MG099947,False,True
MG099948,False,True
MG099949,False,True
MG099950,False,True
MG099951,False,True
MG099952,False,True
MG099953,False,True
MG159787,True,False
MG189906,True,False
MG197810,True,False
MG197996,True,False
MG198776,False,True
MG198777,False,True
MG198778,False,True
MG198779,False,True
MG198780,False,True
MG198781,False,True
MG198782,False,True
MG198783,False,True
MG198784,False,True
MG198785,False,True
MG201401,True,False
MG208881,True,False
MG209611,True,False
MG210949,False,True
MG214764,True,False
MG214783,True,False
MG241338,True,False
MG250483,True,False
MG250484,True,False
MG250485,True,False
MG250486,True,False
MG251388,True,False
MG251390,True,False
MG251391,True,False
MG251392,True,False
MG252615,True,False
MG252693,False,True
MG253647,False,True
MG253648,False,True
MG253649,False,True
MG253650,False,True
MG253651,False,True
MG253652,False,True
MG253653,False,True
MG264739,False,True
MG266157,True,False
MG271909,True,False
MG280946,True,False
MG298964,False,True
MG309717,False,True
MG309718,False,True
MG324353,False,True
MG324354,False,True
MG366114,True,False
MG366115,True,False
MG383452,True,False
MG387042,True,False
MG407615,True,False
MG428990,True,False
MG428991,True,False
MG428992,True,False
MG432137,True,False
MG432151,True,False
MG450654,True,False
MG459218,True,False
MG459987,True,False
MG471392,True,False
MG488277,True,False
MG515223,False,True
MG518519,False,True
MG518520,False,True
MG545917,True,False
MG550110,True,False
MG550111,True,False
MG550112,True,False
MG550113,True,False
MG552615,True,False
MG557618,False,True
MG557619,False,True
MG557979,False,True
MG563770,True,False
MG564297,False,True
MG575418,True,False
MG575419,True,False
MG575420,True,False
MG575421,True,False
MG581355,True,False
MG584725,False,True
MG589383,True,False
MG589384,True,False
MG589385,True,False
MG589386,True,False
MG589387,True,False
MG592390,True,False
MG592391,True,False
MG592392,True,False
MG592393,True,False
MG592395,True,False
MG592397,True,False
MG592398,True,False
MG592399,True,False
MG592400,True,False
MG592401,True,False
MG592403,True,False
MG592404,True,False
MG592405,True,False
MG592406,True,False
MG592407,True,False
MG592408,True,False
MG592409,True,False
MG592410,True,False
MG592411,True,False
MG592412,True,False
MG592413,True,False
MG592414,True,False
MG592415,True,False
MG592416,True,False
MG592417,True,False
MG592418,True,False
MG592419,True,False
MG592420,True,False
MG592421,True,False
MG592422,True,False
MG592423,True,False
MG592425,True,False
MG592428,True,False
MG592429,True,False
MG592431,True,False
MG592432,True,False
MG592433,True,False
MG592434,True,False
MG592435,True,False
MG592436,True,False
MG592438,True,False
MG592439,True,False
MG592441,True,False
MG592442,True,False
MG592443,True,False
MG592444,True,False
MG592445,True,False
MG592447,True,False
MG592448,True,False
MG592449,True,False
MG592450,True,False
MG592451,True,False
MG592452,True,False
MG592453,True,False
MG592454,True,False
MG592456,True,False
MG592457,True,False
MG592458,True,False
MG592459,True,False
MG592460,True,False
MG592461,True,False
MG592462,True,False
MG592463,True,False
MG592464,True,False
MG592465,True,False
MG592466,True,False
MG592467,True,False
MG592468,True,False
MG592470,True,False
MG592471,True,False
MG592472,True,False
MG592473,True,False
MG592475,True,False
MG592476,True,False
MG592477,True,False
MG592478,True,False
MG592482,True,False
MG592483,True,False
MG592484,True,False
MG592485,True,False
MG592486,True,False
MG592487,True,False
MG592488,True,False
MG592489,True,False
MG592490,True,False
MG592491,True,False
MG592492,True,False
MG592493,True,False
MG592494,True,False
MG592495,True,False
MG592496,True,False
MG592497,True,False
MG592498,True,False
MG592499,True,False
MG592501,True,False
MG592502,True,False
MG592503,True,False
MG592504,True,False
MG592505,True,False
MG592506,True,False
MG592507,True,False
MG592508,True,False
MG592509,True,False
MG592510,True,False
MG592511,True,False
MG592513,True,False
MG592514,True,False
MG592515,True,False
MG592516,True,False
MG592517,True,False
MG592518,True,False
MG592519,True,False
MG592520,True,False
MG592521,True,False
MG592522,True,False
MG592523,True,False
MG592524,True,False
MG592525,True,False
MG592526,True,False
MG592527,True,False
MG592528,True,False
MG592529,True,False
MG592530,True,False
MG592531,True,False
MG592532,True,False
MG592533,True,False
MG592534,True,False
MG592535,True,False
MG592536,True,False
MG592537,True,False
MG592538,True,False
MG592539,True,False
MG592540,True,False
MG592541,True,False
MG592542,True,False
MG592543,True,False
MG592544,True,False
MG592545,True,False
MG592546,True,False
MG592547,True,False
MG592548,True,False
MG592549,True,False
MG592550,True,False
MG592551,True,False
MG592552,True,False
MG592553,True,False
MG592554,True,False
MG592555,True,False
MG592556,True,False
MG592557,True,False
MG592558,True,False
MG592559,True,False
MG592560,True,False
MG592561,True,False
MG592562,True,False
MG592563,True,False
MG592564,True,False
MG592565,True,False
MG592566,True,False
MG592567,True,False
MG592568,True,False
MG592569,True,False
MG592570,True,False
MG592571,True,False
MG592572,True,False
MG592573,True,False
MG592574,True,False
MG592575,True,False
MG592576,True,False
MG592577,True,False
MG592578,True,False
MG592579,True,False
MG592580,True,False
MG592581,True,False
MG592582,True,False
MG592583,True,False
MG592584,True,False
MG592585,True,False
MG592586,True,False
MG592587,True,False
MG592588,True,False
MG592589,True,False
MG592590,True,False
MG592591,True,False
MG592592,True,False
MG592593,True,False
MG592594,True,False
MG592595,True,False
MG592596,True,False
MG592597,True,False
MG592598,True,False
MG592599,True,False
MG592600,True,False
MG592601,True,False
MG592602,True,False
MG592603,True,False
MG592604,True,False
MG592605,True,False
MG592606,True,False
MG592607,True,False
MG592608,True,False
MG592609,True,False
MG592610,True,False
MG592611,True,False
MG592612,True,False
MG592613,True,False
MG592614,True,False
MG592617,True,False
MG592618,True,False
MG592619,True,False
MG592620,True,False
MG592621,True,False
MG592622,True,False
MG592623,True,False
MG592625,True,False
MG592626,True,False
MG592627,True,False
MG592628,True,False
MG592629,True,False
MG592630,True,False
MG592631,True,False
MG592632,True,False
MG592633,True,False
MG592634,True,False
MG592635,True,False
MG592636,True,False
MG592637,True,False
MG592638,True,False
MG592639,True,False
MG592640,True,False
MG592641,True,False
MG592642,True,False
MG592643,True,False
MG592644,True,False
MG592645,True,False
MG592646,True,False
MG592647,True,False
MG592648,True,False
MG592649,True,False
MG592650,True,False
MG592651,True,False
MG592652,True,False
MG592653,True,False
MG592654,True,False
MG592655,True,False
MG592656,True,False
MG592657,True,False
MG592658,True,False
MG592659,True,False
MG592660,True,False
MG592661,True,False
MG592662,True,False
MG592664,True,False
MG592665,True,False
MG592666,True,False
MG592667,True,False
MG592668,True,False
MG592669,True,False
MG592670,True,False
MG592671,True,False
MG592672,True,False
MG593800,False,True
MG593801,False,True
MG593802,False,True
MG593803,False,True
MG596799,True,False
MG596800,True,False
MG599035,True,False
MG602476,True,False
MG602477,False,True
MG603697,True,False
MG640035,True,False
MG641885,True,False
MG646668,True,False
MG646669,True,False
MG646670,True,False
MG646671,True,False
MG646672,True,False
MG649966,True,False
MG649967,True,False
MG652450,True,False
MG655267,True,False
MG655268,True,False
MG655269,True,False
MG655270,True,False
MG656408,False,True
MG663582,False,True
MG663583,False,True
MG663584,False,True
MG663585,False,True
MG663586,False,True
MG670586,False,True
MG673519,True,False
MG674163,True,False
MG676223,True,False
MG676224,True,False
MG676225,True,False
MG676466,True,False
MG696114,True,False
MG696115,True,False
MG707188,True,False
MG708273,False,True
MG708274,False,True
MG708275,False,True
MG708276,False,True
MG710484,False,True
MG710528,True,False
MG711460,True,False
MG711461,True,False
MG711462,True,False
MG711463,True,False
MG711464,False,True
MG711465,True,False
MG711466,True,False
MG711467,True,False
MG711516,True,False
MG720308,True,False
MG720309,True,False
MG721208,False,True
MG727695,False,True
MG727696,False,True
MG727697,False,True
MG727698,False,True
MG727699,False,True
MG727700,False,True
MG727701,False,True
MG727702,False,True
MG732930,True,False
MG736918,True,False
MG744354,False,True
MG746602,True,False
MG747435,True,False
MG748547,True,False
MG748548,True,False
MG751100,True,False
MG752970,True,False
MG757152,False,True
MG757153,False,True
MG757154,False,True
MG757155,False,True
MG757156,False,True
MG757157,False,True
MG757158,False,True
MG757159,False,True
MG757160,False,True
MG757161,False,True
MG757162,False,True
MG757163,False,True
MG757164,False,True
MG757165,False,True
MG757166,False,True
MG757167,False,True
MG763894,False,True
MG765274,False,True
MG765275,False,True
MG765276,False,True
MG765277,False,True
MG765278,False,True
MG765279,False,True
MG766218,False,True
MG766219,False,True
MG770211,False,True
MG770212,False,True
MG770213,False,True
MG770214,False,True
MG770215,False,True
MG770216,False,True
MG770228,True,False
MG770379,True,False
MG770897,False,True
MG775042,True,False
MG775043,True,False
MG775258,True,False
MG775259,True,False
MG775260,True,False
MG775261,True,False
MG779474,False,True
MG781190,True,False
MG781191,True,False
MG784342,False,True
MG788324,False,True
MG793454,False,True
MG812486,False,True
MG812487,False,True
MG812488,False,True
MG812489,False,True
MG812490,False,True
MG812491,False,True
MG812492,False,True
MG812493,False,True
MG812494,False,True
MG812495,False,True
MG812496,False,True
MG820632,False,True
MG820633,False,True
MG820634,False,True
MG820635,False,True
MG820636,False,True
MG820637,False,True
MG820638,False,True
MG820639,False,True
MG820640,False,True
MG820641,False,True
MG820642,False,True
MG820643,False,True
MG820644,False,True
MG820645,False,True
MG832642,True,False
MG833025,True,False
MG835450,False,True
MG835568,True,False
MG835858,True,False
MG839014,False,True
MG839015,False,True
MG839016,False,True
MG839017,False,True
MG839018,False,True
MG839019,False,True
MG839020,False,True
MG839021,False,True
MG839022,False,True
MG839023,False,True
MG839024,False,True
MG839025,False,True
MG839026,False,True
MG839027,False,True
MG839028,False,True
MG839029,False,True
MG839030,False,True
MG845393,False,True
MG845683,True,False
MG845684,True,False
MG845865,True,False
MG852086,True,False
MG867727,True,False
MG872831,False,True
MG872832,False,True
MG872833,False,True
MG872834,False,True
MG872835,False,True
MG872836,False,True
MG872837,False,True
MG872838,False,True
MG872839,False,True
MG872840,False,True
MG872841,False,True
MG872842,False,True
MG872843,False,True
MG873442,True,False
MG878892,True,False
MG893203,True,False
MG894052,True,False
MG897799,True,False
MG897800,True,False
MG913376,False,True
MG920059,False,True
MG920060,False,True
MG920061,False,True
MG922974,True,False
MG925338,False,True
MG925339,False,True
MG925340,False,True
MG925341,False,True
MG925342,False,True
MG925343,False,True
MG925344,False,True
MG925345,False,True
MG925346,False,True
MG925347,False,True
MG925348,False,True
MG925349,False,True
MG925350,False,True
MG925351,False,True
MG925352,False,True
MG925353,False,True
MG925354,False,True
MG925355,False,True
MG925356,False,True
MG941013,False,True
MG944216,False,True
MG944217,False,True
MG944218,False,True
MG944219,False,True
MG944220,False,True
MG944221,False,True
MG944222,False,True
MG944223,False,True
MG944224,False,True
MG944225,False,True
MG944226,False,True
MG944227,True,False
MG944228,True,False
MG944229,True,False
MG944230,True,False
MG944231,True,False
MG944232,True,False
MG944233,True,False
MG944234,True,False
MG944235,True,False
MG944236,True,False
MG948468,True,False
MG957431,True,False
MG962360,False,True
MG962361,False,True
MG962362,False,True
MG962363,False,True
MG962364,False,True
MG962365,False,True
MG962366,False,True
MG962367,False,True
MG962368,False,True
MG962369,False,True
MG962370,False,True
MG962371,False,True
MG962372,False,True
MG962373,False,True
MG962374,False,True
MG962375,False,True
MG962376,False,True
MG963916,True,False
MG966531,True,False
MG966533,True,False
MG967616,False,True
MG967617,False,True
MG967618,False,True
MG969404,True,False
MG969405,True,False
MG969406,True,False
MG969407,True,False
MG969408,True,False
MG969409,True,False
MG969410,True,False
MG969411,True,False
MG969412,True,False
MG969414,True,False
MG969415,True,False
MG969427,False,True
MG972768,True,False
MG973030,True,False
MG976803,True,False
MG983742,False,True
MG983743,True,False
MG983840,True,False
MG986485,True,False
MG999954,True,False
MH000602,False,True
MH000603,False,True
MH000604,False,True
MH000606,False,True
MH000607,False,True
MH001446,False,True
MH001447,False,True
MH001448,False,True
MH001449,False,True
MH001450,False,True
MH001451,False,True
MH001452,False,True
MH001453,False,True
MH001454,False,True
MH001455,False,True
MH001456,False,True
MH001457,False,True
MH001458,False,True
MH001459,False,True
MH001460,False,True
MH015249,True,False
MH015250,True,False
MH015251,True,False
MH015252,True,False
MH015253,True,False
MH015254,True,False
MH015255,True,False
MH015256,True,False
MH015257,True,False
MH015258,True,False
MH015259,True,False
MH019215,False,True
MH019216,False,True
MH020235,False,True
MH020236,False,True
MH020237,False,True
MH020238,False,True
MH020239,False,True
MH020240,False,True
MH020241,False,True
MH020242,False,True
MH020243,False,True
MH020244,False,True
MH020245,False,True
MH020246,False,True
MH020247,False,True
MH020248,False,True
MH020249,False,True
MH023293,True,False
MH025888,False,True
MH025889,False,True
MH025890,False,True
MH028956,False,True
MH031343,True,False
MH042230,True,False
MH045554,False,True
MH045555,False,True
MH045556,False,True
MH045557,False,True
MH045558,False,True
MH045559,False,True
MH045560,False,True
MH045561,False,True
MH045562,False,True
MH045563,False,True
MH045564,False,True
MH045565,False,True
MH045566,False,True
MH045567,False,True
MH045568,False,True
MH045569,False,True
MH047631,False,True
MH047632,False,True
MH047633,False,True
MH051246,False,True
MH051247,False,True
MH051248,False,True
MH051249,False,True
MH051250,False,True
MH051251,False,True
MH051252,False,True
MH051253,False,True
MH051254,False,True
MH051255,False,True
MH051256,False,True
MH051257,False,True
MH051258,False,True
MH051259,False,True
MH051260,False,True
MH051261,False,True
MH051264,False,True
MH051265,False,True
MH051266,False,True
MH051333,True,False
MH051334,True,False
MH051335,True,False
MH051911,True,False
MH051912,True,False
MH051913,True,False
MH051914,True,False
MH051915,True,False
MH051916,True,False
MH051917,True,False
MH051918,True,False
MH059632,True,False
MH059633,True,False
MH059634,True,False
MH059635,True,False
MH059636,True,False
MH059637,True,False
MH059638,True,False
MH059639,True,False
MH077576,False,True
MH077577,False,True
MH077578,False,True
MH077579,False,True
MH077580,False,True
MH077581,False,True
MH077582,False,True
MH077583,False,True
MH077584,False,True
MH077585,False,True
MH078572,False,True
MH102284,True,False
MH102285,True,False
MH105080,True,False
MH105773,True,False
MH107028,True,False
MH107118,False,True
MH107246,True,False
MH107769,False,True
MH107770,True,False
MH113812,True,False
MH113813,True,False
MH113814,True,False
MH113815,True,False
MH115576,True,False
MH128984,True,False
MH133207,True,False
MH136584,False,True
MH142219,True,False
MH142220,True,False
MH153799,False,True
MH153800,False,True
MH153801,False,True
MH153802,False,True
MH153803,False,True
MH153804,False,True
MH153805,False,True
MH153806,False,True
MH153807,False,True
MH153808,False,True
MH153809,False,True
MH153810,False,True
MH153811,False,True
MH153812,False,True
MH153813,False,True
MH155864,False,True
MH155865,False,True
MH155866,False,True
MH155867,False,True
MH155868,False,True
MH155869,False,True
MH155870,False,True
MH155871,False,True
MH155872,False,True
MH155873,False,True
MH155874,False,True
MH155875,False,True
MH155876,False,True
MH155877,False,True
MH155878,False,True
MH155879,False,True
MH155880,False,True
MH159197,False,True
MH160392,True,False
MH160766,True,False
MH160767,True,False
MH165274,True,False
MH171093,False,True
MH171094,False,True
MH171095,False,True
MH171096,False,True
MH171097,False,True
MH171098,False,True
MH172261,True,False
MH172262,True,False
MH172263,True,False
MH172264,True,False
MH178096,True,False
MH178381,False,True
MH178382,False,True
MH179470,True,False
MH179471,True,False
MH179472,True,False
MH179473,True,False
MH179474,True,False
MH179475,True,False
MH179476,True,False
MH179477,True,False
MH179478,True,False
MH179479,True,False
MH179480,True,False
MH181876,True,False
MH183162,False,True
MH191395,True,False
MH191398,True,False
MH193369,False,True
MH203051,True,False
MH203383,False,True
MH203384,False,True
MH206183,True,False
MH206184,True,False
MH218848,True,False
MH220877,False,True
MH221128,True,False
MH221129,True,False
MH229862,False,True
MH229863,False,True
MH229864,False,True
MH229865,False,True
MH230177,True,False
MH230874,False,True
MH230875,False,True
MH230876,False,True
MH230877,False,True
MH230878,False,True
MH230879,False,True
MH238466,True,False
MH238467,True,False
MH243438,True,False
MH243439,True,False
MH248069,False,True
MH248138,True,False
MH248947,False,True
MH252123,True,False
MH252365,True,False
MH268168,True,False
MH271291,False,True
MH271292,False,True
MH271293,False,True
MH271294,False,True
MH271295,False,True
MH271296,False,True
MH271297,False,True
MH271298,False,True
MH271299,False,True
MH271300,False,True
MH271301,False,True
MH271302,False,True
MH271303,False,True
MH271304,False,True
MH271305,False,True
MH271306,False,True
MH271307,False,True
MH271308,False,True
MH271309,False,True
MH271310,False,True
MH271311,False,True
MH271312,False,True
MH271313,False,True
MH271314,False,True
MH271315,False,True
MH271316,False,True
MH271317,False,True
MH271318,False,True
MH271319,False,True
MH271320,False,True
MH271321,False,True
MH285980,True,False
MH299806,False,True
MH310933,True,False
MH310934,True,False
MH310935,True,False
MH310936,True,False
MH316561,False,True
MH316562,False,True
MH316563,False,True
MH316564,False,True
MH316565,False,True
MH316566,False,True
MH316567,False,True
MH316568,False,True
MH316569,False,True
MH316570,False,True
MH321490,False,True
MH321491,False,True
MH321492,False,True
MH321493,True,False
MH333064,True,False
MH338234,False,True
MH338235,False,True
MH338236,False,True
MH338237,False,True
MH338238,False,True
MH338239,False,True
MH338240,False,True
MH338241,False,True
MH341451,False,True
MH341452,False,True
MH341453,False,True
MH355583,False,True
MH355584,True,False
MH356729,True,False
MH356730,False,True
MH358359,True,False
MH358458,True,False
MH359124,True,False
MH362766,True,False
MH363700,True,False
MH363708,True,False
MH370358,True,False
MH370359,True,False
MH370360,True,False
MH370361,True,False
MH370362,True,False
MH370363,True,False
MH370364,True,False
MH370365,True,False
MH370366,True,False
MH370367,True,False
MH370368,True,False
MH370369,True,False
MH370370,True,False
MH370371,True,False
MH370372,True,False
MH370373,True,False
MH370374,True,False
MH370375,True,False
MH370376,True,False
MH370377,True,False
MH370378,True,False
MH370379,True,False
MH370380,True,False
MH370381,True,False
MH370382,True,False
MH370383,True,False
MH370384,True,False
MH370385,True,False
MH370386,True,False
MH370387,True,False
MH370477,True,False
MH370478,True,False
MH371107,False,True
MH371108,False,True
MH371109,False,True
MH371110,False,True
MH371111,False,True
MH371112,False,True
MH371113,False,True
MH371114,False,True
MH371115,False,True
MH371116,False,True
MH371117,False,True
MH371118,False,True
MH371119,False,True
MH371120,False,True
MH371121,False,True
MH371122,False,True
MH371123,False,True
MH371124,False,True
MH371125,False,True
MH375074,False,True
MH375593,False,True
MH375594,False,True
MH375595,False,True
MH375596,False,True
MH375597,False,True
MH375598,False,True
MH375599,False,True
MH375600,False,True
MH375644,True,False
MH382198,True,False
MH382836,True,False
MH383160,True,False
MH384259,False,True
MH384260,False,True
MH384261,False,True
MH389777,True,False
MH393889,False,True
MH399770,False,True
MH399771,False,True
MH399772,False,True
MH399773,False,True
MH399774,False,True
MH399775,False,True
MH399776,False,True
MH399777,False,True
MH399778,False,True
MH399779,False,True
MH399780,False,True
MH399781,False,True
MH399782,False,True
MH399783,False,True
MH399784,False,True
MH399785,False,True
MH399786,False,True
MH399787,False,True
MH399788,False,True
MH399789,False,True
MH400309,True,False
MH401414,False,True
MH401415,False,True
MH401416,False,True
MH412654,True,False
MH424443,True,False
MH424444,True,False
MH424445,True,False
MH424446,True,False
MH426724,True,False
MH426725,True,False
MH426726,True,False
MH427377,True,False
MH431930,False,True
MH431931,False,True
MH431932,False,True
MH431933,False,True
MH431934,False,True
MH431935,False,True
MH431936,False,True
MH431937,False,True
MH431938,False,True
MH443100,True,False
MH443101,True,False
MH444512,False,True
MH445380,True,False
MH445381,True,False
MH445453,True,False
MH445500,True,False
MH447526,True,False
MH450113,False,True
MH450114,False,True
MH450115,False,True
MH450116,False,True
MH450117,False,True
MH450118,False,True
MH450119,False,True
MH450120,False,True
MH450121,False,True
MH450122,False,True
MH450123,False,True
MH450124,False,True
MH450125,False,True
MH450126,False,True
MH450127,False,True
MH450128,False,True
MH450129,False,True
MH450130,False,True
MH450131,False,True
MH450132,False,True
MH450133,False,True
MH454076,False,True
MH454077,False,True
MH454078,False,True
MH454079,False,True
MH454080,False,True
MH454081,False,True
MH454082,False,True
MH454083,False,True
MH454084,False,True
MH458951,False,True
MH460459,True,False
MH460460,True,False
MH460461,True,False
MH460462,True,False
MH460463,True,False
MH460824,False,True
MH460825,False,True
MH460826,False,True
MH460827,False,True
MH460829,True,False
MH464253,True,False
MH479909,False,True
MH479910,False,True
MH479911,False,True
MH479912,False,True
MH479913,False,True
MH479914,False,True
MH479915,False,True
MH479916,False,True
MH479917,False,True
MH479918,False,True
MH479919,False,True
MH479920,False,True
MH479921,False,True
MH479922,False,True
MH479923,False,True
MH479924,False,True
MH479925,False,True
MH479926,False,True
MH479927,False,True
MH487649,False,True
MH491167,True,False
MH491968,True,False
MH491969,True,False
MH494197,True,False
MH509441,False,True
MH509442,False,True
MH509443,False,True
MH509444,False,True
MH509445,False,True
MH509446,False,True
MH509447,False,True
MH512890,True,False
MH513970,False,True
MH513971,False,True
MH513972,False,True
MH513973,False,True
MH513974,False,True
MH513975,False,True
MH513976,False,True
MH513977,False,True
MH513978,False,True
MH513979,False,True
MH513980,False,True
MH513981,False,True
MH513982,False,True
MH513983,False,True
MH513984,False,True
MH513985,False,True
MH517022,True,False
MH518298,True,False
MH523359,True,False
MH533020,True,False
MH536736,True,False
MH536811,False,True
MH536812,False,True
MH536813,False,True
MH536814,False,True
MH536815,False,True
MH536816,False,True
MH536817,False,True
MH536818,False,True
MH536819,False,True
MH536820,False,True
MH536821,False,True
MH536822,False,True
MH536823,False,True
MH536824,False,True
MH536825,False,True
MH536826,False,True
MH536827,False,True
MH536828,False,True
MH536829,False,True
MH538193,False,True
MH540083,True,False
MH542234,False,True
MH550421,True,False
MH553517,True,False
MH553563,True,False
MH560358,True,False
MH571750,True,False
MH576948,False,True
MH576949,False,True
MH576950,False,True
MH576951,False,True
MH576952,False,True
MH576953,False,True
MH576954,False,True
MH576955,False,True
MH576956,False,True
MH576957,False,True
MH576958,False,True
MH576959,False,True
MH576960,False,True
MH576961,False,True
MH576962,False,True
MH576963,False,True
MH576964,False,True
MH576965,False,True
MH576966,False,True
MH576967,False,True
MH576968,False,True
MH576969,False,True
MH576970,False,True
MH576971,False,True
MH576972,False,True
MH576973,False,True
MH576974,False,True
MH576975,False,True
MH576976,False,True
MH576977,False,True
MH579717,True,False
MH586730,True,False
MH586731,True,False
MH587638,True,False
MH588544,True,False
MH588545,True,False
MH588546,True,False
MH588547,True,False
MH590587,False,True
MH590588,False,True
MH590589,False,True
MH590590,False,True
MH590591,False,True
MH590592,False,True
MH590593,False,True
MH590594,False,True
MH590595,False,True
MH590596,False,True
MH590597,False,True
MH590598,False,True
MH590599,False,True
MH590600,False,True
MH590601,False,True
MH590602,False,True
MH590603,False,True
MH590604,False,True
MH590605,False,True
MH590606,False,True
MH595538,True,False
MH598512,False,True
MH598798,True,False
MH598799,True,False
MH598800,True,False
MH598801,True,False
MH598802,True,False
MH598803,True,False
MH598804,True,False
MH598805,True,False
MH598806,True,False
MH598807,True,False
MH599087,True,False
MH606185,False,True
MH618488,False,True
MH626557,False,True
MH629685,True,False
MH631453,True,False
MH631454,True,False
MH632117,False,True
MH632118,False,True
MH632119,False,True
MH632120,False,True
MH633484,True,False
MH633485,True,False
MH633486,True,False
MH633487,True,False
MH636380,True,False
MH638294,True,False
MH638309,False,True
MH638310,False,True
MH638311,False,True
MH638312,False,True
MH643777,True,False
MH643778,True,False
MH645904,True,False
MH651166,False,True
MH651167,False,True
MH651168,False,True
MH651169,False,True
MH651170,False,True
MH651171,False,True
MH651172,False,True
MH651173,False,True
MH651174,False,True
MH651175,False,True
MH651176,False,True
MH651177,False,True
MH651178,False,True
MH651179,False,True
MH651180,False,True
MH651181,False,True
MH651182,False,True
MH651183,False,True
MH651184,False,True
MH651185,False,True
MH651186,False,True
MH651187,False,True
MH651188,False,True
MH651189,False,True
MH651190,False,True
MH669000,False,True
MH669001,False,True
MH669002,False,True
MH669003,False,True
MH669004,False,True
MH669005,False,True
MH669006,False,True
MH669007,False,True
MH669008,False,True
MH669009,False,True
MH669010,False,True
MH669011,False,True
MH669012,False,True
MH669013,False,True
MH669014,False,True
MH669015,False,True
MH669016,False,True
MH669017,False,True
MH669274,True,False
MH673671,True,False
MH673672,True,False
MH673673,True,False
MH673674,True,False
MH674343,False,True
MH675552,True,False
MH675927,True,False
MH684921,True,False
MH688040,True,False
MH688453,True,False
MH697575,False,True
MH697576,False,True
MH697577,False,True
MH697578,False,True
MH697579,False,True
MH697580,False,True
MH697581,False,True
MH697582,False,True
MH697583,False,True
MH697584,False,True
MH697585,False,True
MH697586,False,True
MH697587,False,True
MH697588,False,True
MH697589,False,True
MH697590,False,True
MH697591,False,True
MH697592,False,True
MH697593,False,True
MH700630,True,False
MH706966,True,False
MH707426,False,True
MH707427,False,True
MH707428,False,True
MH707429,False,True
MH707430,False,True
MH707431,False,True
MH707432,False,True
MH707433,False,True
MH707434,False,True
MH707435,False,True
MH707436,False,True
MH709120,True,False
MH709121,True,False
MH713599,True,False
MH717096,True,False
MH717097,True,False
MH717098,True,False
MH717099,True,False
MH717709,True,False
MH719082,True,False
MH719189,True,False
MH719190,True,False
MH719191,True,False
MH719192,True,False
MH719193,True,False
MH719194,True,False
MH719195,True,False
MH725810,True,False
MH727543,False,True
MH727544,False,True
MH727545,False,True
MH727546,False,True
MH727547,False,True
MH727548,False,True
MH727549,False,True
MH727550,False,True
MH727551,False,True
MH727552,False,True
MH727553,False,True
MH727554,False,True
MH727555,False,True
MH727556,False,True
MH727557,False,True
MH727558,False,True
MH727559,False,True
MH727560,False,True
MH727561,False,True
MH727562,False,True
MH727563,False,True
MH727564,False,True
MH727593,True,False
MH729379,False,True
MH729818,True,False
MH729819,True,False
MH729874,True,False
MH730557,True,False
MH733496,True,False
MH744414,False,True
MH744415,False,True
MH744416,False,True
MH744417,False,True
MH744418,False,True
MH744419,False,True
MH744420,False,True
MH744421,False,True
MH744422,False,True
MH744423,False,True
MH744424,False,True
MH744425,False,True
MH745368,True,False
MH746814,True,False
MH746817,True,False
MH751506,True,False
MH752385,False,True
MH752840,True,False
MH763831,True,False
MH766655,True,False
MH779498,False,True
MH779499,False,True
MH779500,False,True
MH779501,False,True
MH779502,False,True
MH779503,False,True
MH779504,False,True
MH779505,False,True
MH779506,False,True
MH779507,False,True
MH779508,False,True
MH779509,False,True
MH779510,False,True
MH779511,False,True
MH779512,False,True
MH779513,False,True
MH779514,False,True
MH779515,False,True
MH779516,False,True
MH779517,False,True
MH779518,False,True
MH779519,False,True
MH779520,False,True
MH779521,False,True
MH779522,False,True
MH779523,False,True
MH779524,False,True
MH779525,False,True
MH779526,False,True
MH779527,False,True
MH779619,True,False
MH791395,True,False
MH791396,True,False
MH791397,False,True
MH791398,True,False
MH791399,True,False
MH791400,True,False
MH791401,True,False
MH791402,True,False
MH791403,True,False
MH791404,True,False
MH791405,True,False
MH791406,True,False
MH791407,True,False
MH791408,True,False
MH791409,True,False
MH791410,True,False
MH791411,True,False
MH791412,True,False
MH791413,True,False
MH791414,True,False
MH791415,False,True
MH791416,True,False
MH800198,True,False
MH800199,True,False
MH800200,True,False
MH807810,True,False
MH807811,True,False
MH807812,True,False
MH807813,True,False
MH807814,True,False
MH807815,True,False
MH807816,True,False
MH807817,True,False
MH807818,True,False
MH807819,True,False
MH807820,True,False
MH809528,False,True
MH809529,False,True
MH809530,False,True
MH809531,False,True
MH809532,True,False
MH809533,True,False
MH809534,True,False
MH809535,True,False
MH816848,True,False
MH816966,True,False
MH817022,False,True
MH817999,True,False
MH823906,True,False
MH825697,False,True
MH825698,False,True
MH825699,False,True
MH825700,False,True
MH825701,False,True
MH825702,False,True
MH825703,False,True
MH825704,False,True
MH825705,False,True
MH825706,False,True
MH825707,False,True
MH825708,False,True
MH825709,False,True
MH825710,False,True
MH825711,False,True
MH825712,False,True
MH825713,False,True
MH830339,True,False
MH834594,False,True
MH834595,False,True
MH834596,False,True
MH834597,False,True
MH834598,False,True
MH834599,False,True
MH834600,False,True
MH834601,False,True
MH834602,False,True
MH834603,False,True
MH834604,False,True
MH834605,False,True
MH834606,False,True
MH834607,False,True
MH834608,False,True
MH834609,False,True
MH834610,False,True
MH834611,False,True
MH834612,False,True
MH834613,False,True
MH834614,False,True
MH834615,False,True
MH834616,False,True
MH834617,False,True
MH834618,False,True
MH834619,False,True
MH834620,False,True
MH834621,False,True
MH834622,False,True
MH834623,False,True
MH834624,False,True
MH834625,False,True
MH834626,False,True
MH834627,False,True
MH834628,False,True
MH834629,False,True
MH837542,False,True
MH837543,False,True
MH837626,True,False
MH844528,False,True
MH844529,False,True
MH844531,True,False
MH844558,False,True
MH845412,True,False
MH853355,False,True
MH853356,False,True
MH853357,False,True
MH853358,False,True
MH853786,True,False
MH853787,True,False
MH853788,True,False
MH880817,False,True
MH884508,False,True
MH884509,False,True
MH884510,False,True
MH884511,False,True
MH884512,False,True
MH884513,False,True
MH884514,False,True
MH884648,True,False
MH892350,False,True
MH892351,False,True
MH892352,False,True
MH892353,False,True
MH892354,False,True
MH892355,False,True
MH892356,False,True
MH892357,False,True
MH892358,False,True
MH892359,False,True
MH892360,False,True
MH892361,False,True
MH892362,False,True
MH892363,False,True
MH892364,False,True
MH892365,False,True
MH892366,False,True
MH892367,False,True
MH892368,False,True
MH892369,False,True
MH892370,False,True
MH892371,False,True
MH892372,False,True
MH892373,False,True
MH892374,False,True
MH892375,False,True
MH892376,False,True
MH892377,False,True
MH892378,False,True
MH892379,False,True
MH892380,False,True
MH892381,False,True
MH892382,False,True
MH892383,False,True
MH892384,False,True
MH892385,False,True
MH898687,True,False
MH899585,True,False
MH910036,False,True
MH910037,False,True
MH910038,False,True
MH910039,False,True
MH910040,False,True
MH910041,False,True
MH910042,False,True
MH917278,True,False
MH920362,True,False
MH920638,True,False
MH920639,True,False
MH920640,True,False
MH925090,True,False
MH925091,True,False
MH925092,True,False
MH925093,True,False
MH925094,True,False
MH926055,False,True
MH926056,False,True
MH926057,False,True
MH926058,False,True
MH926059,False,True
MH926060,False,True
MH926061,False,True
MH926062,False,True
MH929319,True,False
MH937457,False,True
MH937458,False,True
MH937459,False,True
MH937460,False,True
MH937461,False,True
MH937462,False,True
MH937463,False,True
MH937464,False,True
MH937465,False,True
MH937466,False,True
MH937467,False,True
MH937468,False,True
MH937469,False,True
MH937470,False,True
MH937471,False,True
MH937472,False,True
MH937473,False,True
MH937474,False,True
MH937475,False,True
MH937476,False,True
MH937477,False,True
MH937478,False,True
MH937479,False,True
MH937480,False,True
MH937481,False,True
MH937482,False,True
MH937483,False,True
MH937484,False,True
MH937485,False,True
MH937486,False,True
MH937487,False,True
MH937488,False,True
MH937489,False,True
MH937490,False,True
MH937491,False,True
MH937492,False,True
MH937493,False,True
MH937494,False,True
MH937495,False,True
MH937496,False,True
MH937497,False,True
MH937498,False,True
MH937499,False,True
MH937500,False,True
MH937501,False,True
MH937502,False,True
MH937503,False,True
MH937504,False,True
MH937505,False,True
MH937506,False,True
MH937507,False,True
MH937508,False,True
MH937509,False,True
MH937510,False,True
MH937511,False,True
MH939157,True,False
MH940212,True,False
MH972260,False,True
MH972261,False,True
MH972262,False,True
MH972263,False,True
MH973661,False,True
MH973662,False,True
MH973663,False,True
MH973725,True,False
MH976506,False,True
MH976507,False,True
MH976508,False,True
MH976509,False,True
MH976510,False,True
MH976511,False,True
MH976512,False,True
MH976513,False,True
MH976514,False,True
MH976515,False,True
MH976516,False,True
MH976517,False,True
MH976518,False,True
MH976519,False,True
MH979674,True,False
MH983004,False,True
MH992121,True,False
MH992122,True,False
MH992123,True,False
MH992131,True,False
MH992509,True,False
MH992510,True,False
MH992513,True,False
MH999279,False,True
MH999280,False,True
MK002701,True,False
MK005300,True,False
MK016490,False,True
MK016491,False,True
MK016492,False,True
MK016493,False,True
MK016494,False,True
MK016495,False,True
MK016496,False,True
MK016497,False,True
MK016498,False,True
MK016499,False,True
MK016500,False,True
MK016501,False,True
MK016502,False,True
MK016503,False,True
MK016504,False,True
MK016662,True,False
MK016663,True,False
MK016664,True,False
MK017819,False,True
MK017820,False,True
MK024806,True,False
MK033136,True,False
MK033137,True,False
MK034952,True,False
MK044828,False,True
MK044829,False,True
MK047717,True,False
MK047718,True,False
MK050846,True,False
MK053931,True,False
MK054204,True,False
MK054205,True,False
MK054206,True,False
MK054207,True,False
MK054208,True,False
MK054209,True,False
MK054210,True,False
MK054211,True,False
MK054212,True,False
MK054213,True,False
MK054214,True,False
MK054215,True,False
MK054216,True,False
MK054217,True,False
MK054218,True,False
MK054219,True,False
MK054220,True,False
MK054221,True,False
MK054222,True,False
MK054223,True,False
MK054224,True,False
MK054225,True,False
MK054226,True,False
MK054227,True,False
MK054228,True,False
MK054229,True,False
MK054230,True,False
MK054231,True,False
MK054232,True,False
MK054233,True,False
MK054234,True,False
MK054235,True,False
MK054236,True,False
MK054237,True,False
MK059749,False,True
MK061406,False,True
MK061407,False,True
MK061408,False,True
MK061409,False,True
MK061410,False,True
MK061411,False,True
MK061412,False,True
MK061413,False,True
MK061414,False,True
MK061415,False,True
MK061416,False,True
MK069556,True,False
MK071653,True,False
MK075001,False,True
MK075002,False,True
MK075003,False,True
MK075004,False,True
MK075005,False,True
MK075006,False,True
MK080312,True,False
MK084630,False,True
MK085976,False,True
MK088078,True,False
MK089780,True,False
MK095192,True,False
MK095193,True,False
MK095194,True,False
MK095195,True,False
MK095196,True,False
MK095197,True,False
MK095198,True,False
MK095199,True,False
MK095200,True,False
MK095201,True,False
MK095202,True,False
MK095203,True,False
MK095204,True,False
MK095205,True,False
MK095206,True,False
MK095207,True,False
MK095208,True,False
MK095209,True,False
MK095210,True,False
MK095211,True,False
MK095605,True,False
MK095606,True,False
MK097141,True,False
MK105819,True,False
MK105855,True,False
MK112526,False,True
MK112527,False,True
MK112528,False,True
MK112529,False,True
MK112530,False,True
MK112531,False,True
MK112532,False,True
MK112533,False,True
MK112534,False,True
MK112535,False,True
MK112536,False,True
MK112537,False,True
MK112538,False,True
MK112539,False,True
MK112540,False,True
MK112541,False,True
MK112542,False,True
MK112543,False,True
MK112544,False,True
MK112545,False,True
MK112546,False,True
MK112547,False,True
MK112548,False,True
MK112549,False,True
MK112550,False,True
MK112551,False,True
MK112552,False,True
MK112553,False,True
MK112554,False,True
MK112555,False,True
MK112556,False,True
MK112901,True,False
MK125140,False,True
MK125141,True,False
MK134560,True,False
MK135468,True,False
MK138526,True,False
MK138527,True,False
MK144667,True,False
MK165087,True,False
MK165657,True,False
MK165658,True,False
MK170160,True,False
MK170446,True,False
MK170447,True,False
MK202159,False,True
MK202160,False,True
MK202161,False,True
MK203841,True,False
MK203850,True,False
MK211557,False,True
MK213795,True,False
MK213796,True,False
MK214385,True,False
MK215646,False,True
MK224497,False,True
MK224498,True,False
MK224592,False,True
MK234886,True,False
MK240351,True,False
MK240575,False,True
MK241539,True,False
MK249126,True,False
MK249308,True,False
MK249871,True,False
MK249872,True,False
MK250904,False,True
MK257719,True,False
MK257720,True,False
MK257721,True,False
MK257722,True,False
MK257723,True,False
MK257744,True,False
MK268344,True,False
MK268686,False,True
MK278859,True,False
MK278860,True,False
MK278861,True,False
MK279840,False,True
MK279841,False,True
MK279842,False,True
MK279843,False,True
MK279844,False,True
MK279845,False,True
MK279846,False,True
MK279847,False,True
MK279848,False,True
MK279849,False,True
MK279850,False,True
MK279851,False,True
MK279852,False,True
MK279853,False,True
MK279854,False,True
MK279855,False,True
MK279856,False,True
MK279857,False,True
MK279858,False,True
MK279859,False,True
MK279860,False,True
MK279861,False,True
MK279862,False,True
MK279863,False,True
MK279864,False,True
MK279865,False,True
MK279866,False,True
MK279867,False,True
MK279868,False,True
MK279869,False,True
MK279870,False,True
MK279871,False,True
MK279872,False,True
MK279873,False,True
MK279874,False,True
MK279875,False,True
MK279876,False,True
MK279877,False,True
MK279878,False,True
MK279879,False,True
MK279880,False,True
MK279881,False,True
MK279882,False,True
MK279883,False,True
MK279884,False,True
MK279885,False,True
MK279886,False,True
MK279887,False,True
MK279888,False,True
MK279889,False,True
MK279890,False,True
MK279891,False,True
MK279892,False,True
MK279893,False,True
MK279894,False,True
MK279895,False,True
MK279896,False,True
MK279897,False,True
MK279898,False,True
MK279899,False,True
MK279900,False,True
MK279901,False,True
MK279902,False,True
MK279903,False,True
MK279904,False,True
MK279905,False,True
MK279906,False,True
MK279907,False,True
MK279908,False,True
MK279909,False,True
MK279910,False,True
MK279911,False,True
MK279912,False,True
MK279913,False,True
MK284518,False,True
MK284519,False,True
MK284520,False,True
MK284521,False,True
MK284522,False,True
MK284526,False,True
MK284527,False,True
MK284528,False,True
MK286578,True,False
MK288021,False,True
MK288022,False,True
MK290737,True,False
MK290738,True,False
MK290739,True,False
MK290764,False,True
MK291441,True,False
MK291442,True,False
MK291443,True,False
MK291444,True,False
MK291445,True,False
MK295203,True,False
MK295204,True,False
MK295205,True,False
MK301437,False,True
MK301438,False,True
MK301439,False,True
MK301440,False,True
MK301441,False,True
MK301442,False,True
MK301443,False,True
MK301532,True,False
MK301608,True,False
MK305884,False,True
MK305885,False,True
MK305886,False,True
MK305887,False,True
MK305888,False,True
MK305889,False,True
MK305890,False,True
MK305891,False,True
MK305892,False,True
MK305893,False,True
MK308637,False,True
MK308638,False,True
MK308674,True,False
MK308675,True,False
MK308676,True,False
MK308677,True,False
MK310138,False,True
MK310139,False,True
MK310140,False,True
MK310141,False,True
MK310142,False,True
MK310143,False,True
MK310144,False,True
MK310145,False,True
MK310146,False,True
MK310182,True,False
MK310226,True,False
MK310228,False,True
MK317959,True,False
MK318076,True,False
MK318083,True,False
MK327140,True,False
MK327928,True,False
MK327929,True,False
MK327930,True,False
MK327931,True,False
MK327932,True,False
MK327933,True,False
MK327934,True,False
MK327935,True,False
MK327936,True,False
MK327937,True,False
MK327938,True,False
MK327939,True,False
MK327940,True,False
MK327941,True,False
MK327942,True,False
MK327943,True,False
MK327944,True,False
MK327945,True,False
MK327946,True,False
MK327947,True,False
MK330684,True,False
MK331930,False,True
MK331931,False,True
MK335533,True,False
MK340760,True,False
MK340761,True,False
MK340941,True,False
MK348510,False,True
MK358448,True,False
MK359299,False,True
MK359300,False,True
MK359301,False,True
MK359302,False,True
MK359303,False,True
MK359304,False,True
MK359305,False,True
MK359306,False,True
MK359307,False,True
MK359308,False,True
MK359309,False,True
MK359310,False,True
MK359311,False,True
MK359312,False,True
MK359313,False,True
MK359314,False,True
MK359315,False,True
MK359316,False,True
MK359317,False,True
MK359318,False,True
MK359319,False,True
MK359320,False,True
MK359321,False,True
MK359322,False,True
MK359323,False,True
MK359324,False,True
MK359325,False,True
MK359326,False,True
MK359327,False,True
MK359328,False,True
MK359329,False,True
MK359330,False,True
MK359331,False,True
MK359332,False,True
MK359333,False,True
MK359334,False,True
MK359335,False,True
MK359336,False,True
MK359337,False,True
MK359338,False,True
MK359339,False,True
MK359340,False,True
MK359341,False,True
MK359342,False,True
MK359343,False,True
MK359344,False,True
MK359345,False,True
MK359346,False,True
MK359347,False,True
MK359348,False,True
MK359349,False,True
MK359350,False,True
MK359351,False,True
MK359352,False,True
MK359353,False,True
MK359354,False,True
MK359355,False,True
MK359356,False,True
MK359357,False,True
MK359358,False,True
MK359359,False,True
MK359360,False,True
MK359361,False,True
MK359362,False,True
MK359363,False,True
MK359364,False,True
MK359365,False,True
MK359366,False,True
MK359990,False,True
MK360024,False,True
MK360025,False,True
MK368614,True,False
MK370036,True,False
MK372342,True,False
MK373770,True,False
MK373771,True,False
MK373772,True,False
MK373773,True,False
MK373774,True,False
MK373775,True,False
MK373776,True,False
MK373777,True,False
MK373778,True,False
MK373779,True,False
MK373780,True,False
MK373781,True,False
MK373782,True,False
MK373783,True,False
MK373784,True,False
MK373785,True,False
MK373786,True,False
MK373787,True,False
MK373788,True,False
MK373789,True,False
MK373790,True,False
MK373791,True,False
MK373792,True,False
MK373793,True,False
MK373794,True,False
MK373795,True,False
MK373796,True,False
MK373797,True,False
MK373798,True,False
MK373799,True,False
MK376953,False,True
MK376954,False,True
MK376955,False,True
MK376956,False,True
MK376957,False,True
MK376958,False,True
MK376959,False,True
MK376960,False,True
MK376961,False,True
MK376962,False,True
MK376963,False,True
MK380014,True,False
MK380015,True,False
MK380016,True,False
MK387309,True,False
MK387337,True,False
MK387869,True,False
MK388689,True,False
MK388859,True,False
MK392363,False,True
MK392364,False,True
MK392365,False,True
MK392366,False,True
MK392367,False,True
MK392368,False,True
MK393882,True,False
MK408758,True,False
MK411746,False,True
MK411820,True,False
MK416007,True,False
MK416008,True,False
MK416009,True,False
MK416010,True,False
MK416011,True,False
MK416012,True,False
MK416013,True,False
MK416014,True,False
MK416015,True,False
MK416016,True,False
MK416017,True,False
MK416018,True,False
MK416019,True,False
MK416020,True,False
MK416021,True,False
MK416022,True,False
MK417514,False,True
MK417515,False,True
MK417516,False,True
MK421971,True,False
MK422448,True,False
MK422449,True,False
MK422450,True,False
MK422451,True,False
MK422452,True,False
MK422453,True,False
MK422454,True,False
MK422455,True,False
MK424903,True,False
MK433259,False,True
MK433260,False,True
MK433261,False,True
MK433262,False,True
MK433263,False,True
MK433264,False,True
MK433265,False,True
MK433266,False,True
MK433267,False,True
MK433268,False,True
MK433269,False,True
MK433270,False,True
MK433271,False,True
MK433272,False,True
MK433273,False,True
MK433274,False,True
MK433275,False,True
MK433276,False,True
MK433277,False,True
MK433278,False,True
MK433279,False,True
MK433577,True,False
MK433578,True,False
MK433579,True,False
MK433580,True,False
MK433581,True,False
MK433582,True,False
MK433583,True,False
MK443264,True,False
MK443265,True,False
MK443266,True,False
MK448228,True,False
MK448230,True,False
MK448231,True,False
MK448232,True,False
MK448233,True,False
MK448234,True,False
MK448235,True,False
MK448236,True,False
MK448237,True,False
MK448665,False,True
MK448666,False,True
MK448667,False,True
MK448668,False,True
MK448669,False,True
MK448670,False,True
MK448671,False,True
MK448672,False,True
MK448673,False,True
MK448674,False,True
MK448675,False,True
MK448676,False,True
MK448677,False,True
MK448678,False,True
MK448679,False,True
MK448680,False,True
MK448681,False,True
MK448682,False,True
MK448683,False,True
MK448684,False,True
MK448685,False,True
MK448686,False,True
MK448687,False,True
MK448688,False,True
MK448689,False,True
MK448690,False,True
MK448691,False,True
MK448692,False,True
MK448693,False,True
MK448694,False,True
MK448695,False,True
MK448696,False,True
MK448697,False,True
MK448698,False,True
MK448699,False,True
MK448700,False,True
MK448701,False,True
MK448702,False,True
MK448703,False,True
MK448704,False,True
MK448705,False,True
MK448706,False,True
MK448707,False,True
MK448708,False,True
MK448709,False,True
MK448710,False,True
MK448711,False,True
MK448712,False,True
MK448713,False,True
MK448714,False,True
MK448715,False,True
MK448716,False,True
MK448717,False,True
MK448718,False,True
MK448719,False,True
MK448720,False,True
MK448721,False,True
MK448722,False,True
MK448723,False,True
MK448724,False,True
MK448725,False,True
MK448726,False,True
MK448727,False,True
MK448728,False,True
MK448729,False,True
MK448730,False,True
MK448731,False,True
MK448732,False,True
MK448733,False,True
MK448734,False,True
MK448735,False,True
MK448736,False,True
MK448737,False,True
MK448738,False,True
MK448739,False,True
MK448740,False,True
MK448741,False,True
MK448742,False,True
MK448743,False,True
MK448744,False,True
MK448745,False,True
MK448746,False,True
MK448747,False,True
MK448748,False,True
MK448749,False,True
MK448750,False,True
MK448751,False,True
MK448752,False,True
MK448753,False,True
MK448754,False,True
MK448755,False,True
MK448756,False,True
MK448757,False,True
MK448758,False,True
MK448759,False,True
MK448760,False,True
MK448761,False,True
MK448762,False,True
MK448763,False,True
MK448764,False,True
MK448765,False,True
MK448766,False,True
MK448767,False,True
MK448768,False,True
MK448769,False,True
MK448770,False,True
MK448771,False,True
MK448772,False,True
MK448773,False,True
MK448774,False,True
MK448775,False,True
MK448776,False,True
MK448777,False,True
MK448778,False,True
MK448779,False,True
MK448780,False,True
MK448781,False,True
MK448782,False,True
MK448783,False,True
MK448784,False,True
MK448785,False,True
MK448786,False,True
MK448787,False,True
MK448788,False,True
MK448789,False,True
MK448790,False,True
MK448791,False,True
MK448792,False,True
MK448793,False,True
MK448794,False,True
MK448795,False,True
MK448796,False,True
MK448797,False,True
MK448798,False,True
MK448799,False,True
MK448800,False,True
MK448801,False,True
MK448802,False,True
MK448803,False,True
MK448804,False,True
MK448805,False,True
MK448806,False,True
MK448807,False,True
MK448808,False,True
MK448809,False,True
MK448810,False,True
MK448811,False,True
MK448812,False,True
MK448813,False,True
MK448814,False,True
MK448815,False,True
MK448816,False,True
MK448817,False,True
MK448818,False,True
MK448819,False,True
MK448820,False,True
MK448821,False,True
MK448822,False,True
MK448823,False,True
MK448824,False,True
MK448825,False,True
MK448826,False,True
MK448827,False,True
MK448828,False,True
MK448829,False,True
MK448830,False,True
MK448831,False,True
MK448832,False,True
MK448833,False,True
MK448834,False,True
MK448835,False,True
MK448836,False,True
MK448837,False,True
MK448838,False,True
MK448839,False,True
MK448840,False,True
MK448841,False,True
MK448842,False,True
MK448843,False,True
MK448844,False,True
MK448845,False,True
MK448846,False,True
MK448847,False,True
MK448848,False,True
MK448849,False,True
MK448850,False,True
MK448851,False,True
MK448852,False,True
MK448853,False,True
MK448854,False,True
MK448855,False,True
MK448856,False,True
MK448857,False,True
MK448858,False,True
MK448859,False,True
MK448860,False,True
MK448861,False,True
MK448862,False,True
MK448863,False,True
MK448864,False,True
MK448865,False,True
MK448866,False,True
MK448867,False,True
MK448868,False,True
MK448869,False,True
MK448870,False,True
MK448871,False,True
MK448872,False,True
MK448873,False,True
MK448874,False,True
MK448875,False,True
MK448876,False,True
MK448877,False,True
MK448878,False,True
MK448879,False,True
MK448880,False,True
MK448881,False,True
MK448882,False,True
MK448883,False,True
MK448884,False,True
MK448885,False,True
MK448886,False,True
MK448887,False,True
MK448888,False,True
MK448889,False,True
MK448890,False,True
MK448891,False,True
MK448892,False,True
MK448893,False,True
MK448894,False,True
MK448895,False,True
MK448896,False,True
MK448897,False,True
MK448898,False,True
MK448899,False,True
MK448900,False,True
MK448901,False,True
MK448902,False,True
MK448903,False,True
MK448904,False,True
MK448905,False,True
MK448906,False,True
MK448907,False,True
MK448908,False,True
MK448909,False,True
MK448910,False,True
MK448911,False,True
MK448912,False,True
MK448913,False,True
MK448914,False,True
MK448915,False,True
MK448916,False,True
MK448917,False,True
MK448918,False,True
MK448919,False,True
MK448920,False,True
MK448921,False,True
MK448922,False,True
MK448923,False,True
MK448924,False,True
MK448925,False,True
MK448926,False,True
MK448927,False,True
MK448928,False,True
MK448929,False,True
MK448930,False,True
MK448931,False,True
MK448932,False,True
MK448933,False,True
MK448934,False,True
MK448935,False,True
MK448936,False,True
MK448937,False,True
MK448938,False,True
MK448939,False,True
MK448940,False,True
MK448941,False,True
MK448942,False,True
MK448943,False,True
MK448944,False,True
MK448945,False,True
MK448946,False,True
MK448947,False,True
MK448948,False,True
MK448949,False,True
MK448950,False,True
MK448951,False,True
MK448952,False,True
MK448953,False,True
MK448954,False,True
MK448955,False,True
MK448956,False,True
MK448957,False,True
MK448958,False,True
MK448959,False,True
MK448960,False,True
MK448961,False,True
MK448962,False,True
MK448963,False,True
MK448964,False,True
MK448965,False,True
MK448966,False,True
MK448967,False,True
MK448968,False,True
MK448969,False,True
MK448970,False,True
MK448971,False,True
MK448972,False,True
MK448973,False,True
MK448974,False,True
MK448975,False,True
MK448976,False,True
MK448977,False,True
MK448978,False,True
MK448979,False,True
MK448980,False,True
MK448981,False,True
MK448982,False,True
MK448983,False,True
MK448984,False,True
MK448985,False,True
MK448986,False,True
MK448987,False,True
MK448988,False,True
MK448989,False,True
MK448990,False,True
MK448991,False,True
MK448992,False,True
MK448993,False,True
MK448994,False,True
MK448995,False,True
MK448996,False,True
MK448997,False,True
MK448998,False,True
MK448999,False,True
MK449000,False,True
MK449001,False,True
MK449002,False,True
MK449003,False,True
MK449004,False,True
MK449005,False,True
MK449006,False,True
MK449007,False,True
MK449008,False,True
MK449009,False,True
MK449010,False,True
MK449011,False,True
MK449012,False,True
MK450421,False,True
MK450422,False,True
MK450423,False,True
MK450424,False,True
MK450425,False,True
MK450426,False,True
MK450427,False,True
MK450428,False,True
MK450429,False,True
MK450430,False,True
MK450431,False,True
MK450432,False,True
MK450433,False,True
MK450434,False,True
MK450435,False,True
MK450436,False,True
MK450538,False,True
MK450543,True,False
MK455769,True,False
MK455770,True,False
MK460245,False,True
MK460246,False,True
MK460247,False,True
MK460248,False,True
MK468591,False,True
MK473373,True,False
MK473382,False,True
MK474470,True,False
MK479295,True,False
MK482688,True,False
MK482689,True,False
MK482690,True,False
MK483107,True,False
MK493321,True,False
MK493322,True,False
MK493323,True,False
MK493324,True,False
MK493325,True,False
MK494087,False,True
MK494088,False,True
MK494089,False,True
MK494090,False,True
MK494091,False,True
MK494092,False,True
MK494093,False,True
MK494094,False,True
MK494095,False,True
MK494096,False,True
MK494097,False,True
MK494098,False,True
MK494099,False,True
MK494100,False,True
MK494101,False,True
MK494102,False,True
MK494103,False,True
MK494104,False,True
MK494105,False,True
MK494106,False,True
MK494107,False,True
MK494108,False,True
MK494109,False,True
MK494110,False,True
MK494111,False,True
MK494112,False,True
MK494113,False,True
MK494114,False,True
MK494115,False,True
MK494116,False,True
MK494117,False,True
MK494118,False,True
MK494119,False,True
MK494120,False,True
MK494121,False,True
MK494122,False,True
MK494123,False,True
MK494124,False,True
MK494125,False,True
MK494126,False,True
MK494127,False,True
MK494128,False,True
MK494129,False,True
MK494130,False,True
MK494131,False,True
MK494132,False,True
MK501729,False,True
MK501730,False,True
MK504442,False,True
MK504443,False,True
MK504444,False,True
MK504445,False,True
MK504446,False,True
MK509462,True,False
MK510962,True,False
MK510963,True,False
MK510964,True,False
MK510965,True,False
MK510966,True,False
MK510967,True,False
MK510968,True,False
MK510969,True,False
MK510970,True,False
MK510971,True,False
MK510972,True,False
MK510973,True,False
MK510974,True,False
MK510975,True,False
MK510976,True,False
MK510977,True,False
MK510978,True,False
MK510979,True,False
MK510980,True,False
MK510981,True,False
MK510982,True,False
MK510983,True,False
MK510984,True,False
MK510985,True,False
MK510986,True,False
MK510987,True,False
MK510988,True,False
MK510989,True,False
MK510990,True,False
MK510991,True,False
MK510992,True,False
MK510993,True,False
MK511001,True,False
MK511002,True,False
MK511003,True,False
MK511004,True,False
MK511005,True,False
MK511006,True,False
MK511007,True,False
MK511008,True,False
MK511009,True,False
MK511010,True,False
MK511011,True,False
MK511012,True,False
MK511013,True,False
MK511014,True,False
MK511015,True,False
MK511016,True,False
MK511017,True,False
MK511018,True,False
MK511019,True,False
MK511020,True,False
MK511021,True,False
MK511022,True,False
MK511023,True,False
MK511024,True,False
MK511025,True,False
MK511026,True,False
MK511027,True,False
MK511028,True,False
MK511029,True,False
MK511030,True,False
MK511031,True,False
MK511032,True,False
MK511033,True,False
MK511034,True,False
MK511035,True,False
MK511036,True,False
MK511037,True,False
MK511038,True,False
MK511039,True,False
MK511040,True,False
MK511041,True,False
MK511042,True,False
MK511043,True,False
MK511044,True,False
MK511045,True,False
MK511046,True,False
MK511047,True,False
MK511048,True,False
MK511049,True,False
MK511050,True,False
MK511051,True,False
MK511057,True,False
MK511058,True,False
MK511059,True,False
MK511060,True,False
MK511061,True,False
MK511063,True,False
MK511064,True,False
MK511065,True,False
MK511066,True,False
MK512531,True,False
MK514281,True,False
MK514282,True,False
MK514283,True,False
MK521904,True,False
MK521905,True,False
MK521906,True,False
MK521907,True,False
MK524176,True,False
MK524177,True,False
MK524178,True,False
MK524485,False,True
MK524486,False,True
MK524487,False,True
MK524488,False,True
MK524489,False,True
MK524490,False,True
MK524491,False,True
MK524492,False,True
MK524493,False,True
MK524494,False,True
MK524495,False,True
MK524496,False,True
MK524497,False,True
MK524498,False,True
MK524499,False,True
MK524500,False,True
MK524501,False,True
MK524502,False,True
MK524503,False,True
MK524504,False,True
MK524505,False,True
MK524506,False,True
MK524507,False,True
MK524508,False,True
MK524509,False,True
MK524510,False,True
MK524511,False,True
MK524512,False,True
MK524513,False,True
MK524514,False,True
MK524515,False,True
MK524516,False,True
MK524517,False,True
MK524518,False,True
MK524519,False,True
MK524520,False,True
MK524521,False,True
MK524522,False,True
MK524523,False,True
MK524524,False,True
MK524525,False,True
MK524526,False,True
MK524527,False,True
MK524528,False,True
MK524529,False,True
MK524530,False,True
MK524531,False,True
MK533143,False,True
MK542015,True,False
MK542821,True,False
MK552105,True,False
MK552140,True,False
MK552141,True,False
MK552327,True,False
MK554696,True,False
MK559427,False,True
MK559428,False,True
MK559429,False,True
MK559459,True,False
MK560763,False,True
MK562502,True,False
MK562503,True,False
MK562504,True,False
MK562505,True,False
MK568062,True,False
MK568540,True,False
MK570225,False,True
MK573636,True,False
MK574011,True,False
MK574078,True,False
MK575466,True,False
MK577502,True,False
MK578530,True,False
MK580972,True,False
MK584893,False,True
MK598851,True,False
MK599315,True,False
MK599416,True,False
MK605242,True,False
MK605243,True,False
MK605244,True,False
MK605245,True,False
MK605246,True,False
MK608335,True,False
MK608336,True,False
MK610268,True,False
MK613343,True,False
MK613344,True,False
MK613345,True,False
MK613346,True,False
MK613347,True,False
MK613348,True,False
MK613349,True,False
MK618657,True,False
MK618658,True,False
MK618715,True,False
MK618716,False,True
MK618717,True,False
MK620893,False,True
MK620894,False,True
MK620895,False,True
MK620896,False,True
MK620897,False,True
MK620898,False,True
MK620899,False,True
MK620900,False,True
MK620901,False,True
MK620902,False,True
MK620903,False,True
MK620904,False,True
MK620905,False,True
MK629525,True,False
MK629526,True,False
MK629527,True,False
MK629528,True,False
MK629529,True,False
MK630230,True,False
MK637516,True,False
MK639187,True,False
MK651787,True,False
MK656892,False,True
MK658834,False,True
MK660712,False,True
MK660713,False,True
MK660714,False,True
MK672798,True,False
MK672799,True,False
MK672800,True,False
MK672801,True,False
MK672802,True,False
MK672803,True,False
MK672804,True,False
MK672805,True,False
MK673511,True,False
MK675901,True,False
MK685667,True,False
MK685668,True,False
MK686068,False,True
MK686069,False,True
MK686070,False,True
MK686071,False,True
MK686072,False,True
MK689364,True,False
MK693005,True,False
MK693030,False,True
MK714353,True,False
MK719701,True,False
MK719702,True,False
MK719703,True,False
MK719704,True,False
MK719705,True,False
MK719706,True,False
MK719707,True,False
MK719708,True,False
MK719709,True,False
MK719710,True,False
MK719711,True,False
MK719712,True,False
MK719713,True,False
MK719714,True,False
MK719715,True,False
MK719716,True,False
MK719717,True,False
MK719718,True,False
MK719719,True,False
MK719720,True,False
MK719721,True,False
MK719722,True,False
MK719723,True,False
MK719724,True,False
MK719725,True,False
MK719726,True,False
MK719727,True,False
MK719728,True,False
MK719729,True,False
MK719730,True,False
MK719731,True,False
MK719732,True,False
MK719733,True,False
MK719734,True,False
MK719735,True,False
MK719736,True,False
MK719737,True,False
MK719738,True,False
MK719739,True,False
MK719740,True,False
MK719741,True,False
MK719742,True,False
MK719743,True,False
MK719744,True,False
MK719745,True,False
MK719746,True,False
MK719747,True,False
MK719748,True,False
MK719749,True,False
MK719750,True,False
MK719751,True,False
MK719752,True,False
MK719753,True,False
MK719754,True,False
MK721183,False,True
MK721184,False,True
MK721185,False,True
MK721186,False,True
MK721187,False,True
MK721188,False,True
MK721189,False,True
MK721190,False,True
MK721191,False,True
MK721192,False,True
MK721193,False,True
MK721194,False,True
MK721195,False,True
MK721196,False,True
MK721197,False,True
MK721198,False,True
MK721199,False,True
MK721200,False,True
MK728541,True,False
MK728824,True,False
MK728825,True,False
MK733259,True,False
MK733260,True,False
MK733261,True,False
MK733262,True,False
MK733263,True,False
MK733264,True,False
MK737937,True,False
MK737941,False,True
MK737942,False,True
MK737943,False,True
MK737944,False,True
MK756083,True,False
MK756084,True,False
MK756085,True,False
MK756086,True,False
MK756087,True,False
MK756088,True,False
MK756089,True,False
MK756090,True,False
MK756091,True,False
MK756092,True,False
MK756093,True,False
MK756094,True,False
MK756095,True,False
MK756096,True,False
MK757445,False,True
MK757446,False,True
MK757447,False,True
MK757448,False,True
MK757449,False,True
MK759854,True,False
MK759883,True,False
MK759884,True,False
MK759918,False,True
MK761195,True,False
MK761196,True,False
MK761197,True,False
MK761198,True,False
MK761199,True,False
MK764384,False,True
MK764436,True,False
MK764437,True,False
MK764438,True,False
MK764439,True,False
MK764440,True,False
MK764441,True,False
MK764442,True,False
MK764443,True,False
MK764444,True,False
MK764445,True,False
MK764446,True,False
MK764447,True,False
MK764448,True,False
MK764449,True,False
MK764450,True,False
MK770119,True,False
MK770409,True,False
MK770410,True,False
MK770411,True,False
MK770412,True,False
MK770413,True,False
MK770414,True,False
MK770415,True,False
MK773491,True,False
MK774614,True,False
MK778457,True,False
MK779875,False,True
MK791318,True,False
MK792752,False,True
MK795384,True,False
MK795385,True,False
MK796244,True,False
MK796797,True,False
MK797984,True,False
MK798142,True,False
MK798143,True,False
MK798144,True,False
MK799650,True,False
MK799832,True,False
MK800154,False,True
MK801680,False,True
MK801681,False,True
MK801682,False,True
MK801683,False,True
MK801721,False,True
MK801722,False,True
MK801723,False,True
MK801724,False,True
MK801725,False,True
MK801726,False,True
MK801727,False,True
MK801728,False,True
MK801729,False,True
MK801730,False,True
MK801731,False,True
MK801732,False,True
MK801733,False,True
MK801734,False,True
MK801735,False,True
MK803322,True,False
MK804891,True,False
MK804892,True,False
MK804893,True,False
MK809530,True,False
MK813938,True,False
MK813939,True,False
MK813940,True,False
MK813941,True,False
MK813942,True,False
MK813943,True,False
MK814748,False,True
MK814749,False,True
MK814750,False,True
MK814751,False,True
MK814752,False,True
MK814753,False,True
MK814754,False,True
MK814755,False,True
MK814756,False,True
MK814757,False,True
MK814758,False,True
MK814759,False,True
MK814760,False,True
MK814761,False,True
MK814762,False,True
MK816297,True,False
MK817115,True,False
MK819239,True,False
MK820013,True,False
MK820638,False,True
MK820639,False,True
MK820640,False,True
MK820641,False,True
MK820642,False,True
MK837009,True,False
MK837010,True,False
MK837011,True,False
MK837012,True,False
MK838107,True,False
MK838108,True,False
MK838109,True,False
MK838110,True,False
MK838111,True,False
MK838112,True,False
MK838113,True,False
MK838114,True,False
MK838115,True,False
MK838116,True,False
MK843319,False,True
MK863032,True,False
MK864263,False,True
MK864264,False,True
MK864265,False,True
MK864266,False,True
MK864267,False,True
MK867354,True,False
MK867835,True,False
MK875791,False,True
MK875792,False,True
MK875793,False,True
MK875794,False,True
MK875795,False,True
MK875796,False,True
MK875797,False,True
MK875798,False,True
MK875799,False,True
MK875800,False,True
MK878895,False,True
MK878896,False,True
MK878897,False,True
MK878898,False,True
MK878899,False,True
MK878900,False,True
MK878901,False,True
MK878902,False,True
MK878903,False,True
MK878904,False,True
MK878905,False,True
MK880124,False,True
MK882925,True,False
MK883717,True,False
MK883718,True,False
MK886800,True,False
MK893987,False,True
MK894432,False,True
MK894433,False,True
MK894434,False,True
MK894435,False,True
MK894436,False,True
MK894437,False,True
MK894438,False,True
MK895508,True,False
MK903033,False,True
MK903277,True,False
MK903278,True,False
MK903279,True,False
MK903280,True,False
MK903281,True,False
MK903282,True,False
MK903728,True,False
MK905543,True,False
MK907226,True,False
MK907227,True,False
MK907228,True,False
MK907229,True,False
MK907230,True,False
MK907231,True,False
MK907232,True,False
MK907233,True,False
MK907234,True,False
MK907235,True,False
MK907236,True,False
MK907237,True,False
MK907238,True,False
MK907239,True,False
MK907240,True,False
MK907241,True,False
MK907242,True,False
MK907243,True,False
MK907244,True,False
MK907245,True,False
MK907246,True,False
MK907247,True,False
MK907248,True,False
MK907249,True,False
MK907250,True,False
MK907251,True,False
MK907252,True,False
MK907253,True,False
MK907254,True,False
MK907255,True,False
MK907256,True,False
MK907257,True,False
MK907258,True,False
MK907259,True,False
MK907260,True,False
MK907261,True,False
MK907262,True,False
MK907263,True,False
MK907264,True,False
MK907265,True,False
MK907266,True,False
MK907267,True,False
MK907268,True,False
MK907269,True,False
MK907270,True,False
MK907271,True,False
MK907272,True,False
MK907273,True,False
MK907274,True,False
MK907275,True,False
MK907276,True,False
MK907285,True,False
MK907780,True,False
MK911750,False,True
MK919469,False,True
MK919470,False,True
MK919471,False,True
MK919472,False,True
MK919473,False,True
MK919474,False,True
MK919475,False,True
MK919476,False,True
MK919477,False,True
MK919478,False,True
MK919479,False,True
MK919480,False,True
MK919481,False,True
MK919482,False,True
MK919483,False,True
MK919484,False,True
MK922546,False,True
MK922547,False,True
MK922548,False,True
MK929790,True,False
MK931297,True,False
MK931438,True,False
MK931439,True,False
MK931440,True,False
MK931441,True,False
MK931442,True,False
MK931443,True,False
MK931444,True,False
MK931445,True,False
MK931446,True,False
MK932884,False,True
MK934841,True,False
MK936475,False,True
MK936476,False,True
MK937591,False,True
MK937592,False,True
MK937593,False,True
MK937594,False,True
MK937595,False,True
MK937596,False,True
MK937597,False,True
MK937598,False,True
MK937599,False,True
MK937600,False,True
MK937601,False,True
MK937602,False,True
MK937603,False,True
MK937604,False,True
MK937605,False,True
MK937606,False,True
MK937607,False,True
MK937608,False,True
MK937609,False,True
MK937610,False,True
MK937611,False,True
MK937612,False,True
MK937613,False,True
MK940809,False,True
MK942064,True,False
MK947458,True,False
MK947459,True,False
MK947460,True,False
MK962626,True,False
MK962627,True,False
MK962628,True,False
MK962629,True,False
MK962630,True,False
MK962631,True,False
MK962632,True,False
MK962633,True,False
MK962634,True,False
MK962635,True,False
MK962636,True,False
MK962637,True,False
MK962638,True,False
MK962639,True,False
MK962640,True,False
MK962641,True,False
MK962749,True,False
MK962750,True,False
MK962751,True,False
MK962752,True,False
MK962753,True,False
MK962754,True,False
MK962755,True,False
MK962756,True,False
MK962757,True,False
MK962758,True,False
MK965969,True,False
MK965970,True,False
MK967377,False,True
MK967378,False,True
MK967379,False,True
MK967380,False,True
MK967381,False,True
MK967382,False,True
MK967383,False,True
MK967384,False,True
MK967385,False,True
MK967386,False,True
MK967387,False,True
MK967388,False,True
MK967389,False,True
MK967390,False,True
MK967391,False,True
MK967392,False,True
MK967393,False,True
MK967394,False,True
MK967395,False,True
MK967396,False,True
MK967397,False,True
MK967398,False,True
MK967399,False,True
MK967400,False,True
MK967401,False,True
MK967402,False,True
MK972685,True,False
MK972686,True,False
MK972687,True,False
MK972688,True,False
MK972689,True,False
MK972690,True,False
MK972691,True,False
MK972692,True,False
MK972693,True,False
MK972694,True,False
MK972695,True,False
MK972696,True,False
MK972697,True,False
MK972698,True,False
MK972699,True,False
MK972700,True,False
MK972701,True,False
MK972702,True,False
MK972703,True,False
MK972704,True,False
MK972705,True,False
MK972706,True,False
MK972707,True,False
MK972708,True,False
MK972709,True,False
MK972710,True,False
MK972711,True,False
MK972712,True,False
MK972713,True,False
MK972714,True,False
MK972715,True,False
MK972716,True,False
MK972717,True,False
MK972831,True,False
MK976036,True,False
MK977694,True,False
MK977695,False,True
MK977696,False,True
MK977697,False,True
MK977698,False,True
MK977699,False,True
MK977700,False,True
MK977701,False,True
MK977702,False,True
MK977703,False,True
MK977704,False,True
MK977705,False,True
MK977706,False,True
MK977707,False,True
MK977708,False,True
MK977709,False,True
MK977710,False,True
MK977711,False,True
MK977712,False,True
MK977713,False,True
MK977714,False,True
MK977715,False,True
MK982307,False,True
MK984681,True,False
MK994515,True,False
MK994522,False,True
MN010755,False,True
MN010756,False,True
MN010757,False,True
MN010758,False,True
MN010759,False,True
MN010760,False,True
MN010761,False,True
MN010762,False,True
MN013074,True,False
MN013075,True,False
MN013076,True,False
MN013077,True,False
MN013078,True,False
MN013079,True,False
MN013080,True,False
MN013081,True,False
MN013082,True,False
MN013083,True,False
MN013084,True,False
MN013085,True,False
MN013086,True,False
MN013087,True,False
MN013088,False,True
MN013089,False,True
MN013090,True,False
MN013189,True,False
MN013356,True,False
MN018232,True,False
MN019128,True,False
MN022785,True,False
MN022787,True,False
MN023176,False,True
MN023177,False,True
MN023178,False,True
MN023179,False,True
MN023180,False,True
MN023181,False,True
MN023182,False,True
MN023183,False,True
MN023184,False,True
MN023185,False,True
MN023186,False,True
MN023187,False,True
MN023188,False,True
MN023189,False,True
MN023190,False,True
MN023191,False,True
MN026740,True,False
MN026741,True,False
MN027503,False,True
MN028536,False,True
MN029011,True,False
MN032614,True,False
MN038175,True,False
MN038176,False,True
MN038177,True,False
MN038178,False,True
MN038179,False,True
MN043729,False,True
MN043730,False,True
MN044033,True,False
MN045228,False,True
MN045229,True,False
MN045230,True,False
MN045231,True,False
MN047438,False,True
MN047793,True,False
MN052874,True,False
MN055691,True,False
MN061582,True,False
MN062185,True,False
MN062186,True,False
MN062187,True,False
MN062188,True,False
MN062189,True,False
MN062701,False,True
MN062702,False,True
MN062703,False,True
MN062704,False,True
MN062705,False,True
MN062706,False,True
MN062707,False,True
MN062708,False,True
MN062709,False,True
MN062710,False,True
MN062711,False,True
MN062712,False,True
MN062713,False,True
MN062714,False,True
MN062715,False,True
MN062716,False,True
MN062717,False,True
MN062718,False,True
MN062719,False,True
MN062720,False,True
MN065183,False,True
MN066127,True,False
MN067333,True,False
MN067430,True,False
MN070121,True,False
MN078104,True,False
MN080711,True,False
MN082624,False,True
MN082625,False,True
MN087708,True,False
MN090155,True,False
MN091625,False,True
MN091626,False,True
MN094788,True,False
MN095770,True,False
MN095771,True,False
MN095772,True,False
MN096267,True,False
MN096355,False,True
MN096356,False,True
MN096357,False,True
MN096358,False,True
MN096359,False,True
MN096360,False,True
MN096361,False,True
MN096362,False,True
MN096363,False,True
MN096364,False,True
MN096365,False,True
MN096366,False,True
MN096367,False,True
MN096368,False,True
MN096369,False,True
MN096370,False,True
MN096371,False,True
MN096372,False,True
MN096373,False,True
MN096374,False,True
MN096375,False,True
MN096376,False,True
MN096377,False,True
MN096378,False,True
MN096379,False,True
MN096380,False,True
MN096381,False,True
MN096382,False,True
MN098325,False,True
MN098326,True,False
MN098327,True,False
MN098328,True,False
MN098329,True,False
MN101216,True,False
MN101217,True,False
MN101218,True,False
MN101219,True,False
MN101220,True,False
MN101221,True,False
MN101222,True,False
MN101223,True,False
MN101224,True,False
MN101225,True,False
MN101226,True,False
MN101227,True,False
MN101228,True,False
MN101229,True,False
MN101230,True,False
MN102098,True,False
MN102376,True,False
MN103401,True,False
MN103533,False,True
MN103542,False,True
MN103543,True,False
MN106244,True,False
MN106245,True,False
MN114082,False,True
MN114083,False,True
MN116494,True,False
MN117721,True,False
MN119376,False,True
MN119377,False,True
MN119378,False,True
MN119379,False,True
MN122072,True,False
MN128593,False,True
MN128594,False,True
MN131137,True,False
MN131141,True,False
MN131142,True,False
MN131143,True,False
MN136198,True,False
MN148435,True,False
MN149903,True,False
MN149904,True,False
MN150686,False,True
MN150710,False,True
MN153503,False,True
MN153797,True,False
MN158206,True,False
MN158207,True,False
MN158208,True,False
MN158209,True,False
MN158210,True,False
MN158211,True,False
MN158212,True,False
MN158213,True,False
MN158214,True,False
MN158215,True,False
MN158216,True,False
MN158217,True,False
MN158218,True,False
MN159079,True,False
MN161573,True,False
MN163280,True,False
MN163281,True,False
MN164484,True,False
MN166083,True,False
MN166823,True,False
MN172529,False,True
MN175603,False,True
MN175604,False,True
MN175679,True,False
MN176217,True,False
MN176219,False,True
MN176220,False,True
MN176221,False,True
MN176222,False,True
MN176223,False,True
MN176224,False,True
MN176225,False,True
MN176226,False,True
MN176227,False,True
MN176228,False,True
MN176229,False,True
MN176230,False,True
MN176231,False,True
MN176232,False,True
MN176572,True,False
MN176573,True,False
MN176574,True,False
MN180248,True,False
MN180249,True,False
MN180250,True,False
MN180251,True,False
MN180252,True,False
MN180253,True,False
MN183279,False,True
MN183280,False,True
MN183281,False,True
MN183282,False,True
MN183283,False,True
MN183284,False,True
MN183285,False,True
MN183286,False,True
MN184885,True,False
MN184886,True,False
MN184887,True,False
MN187550,True,False
MN187969,True,False
MN191861,True,False
MN197465,True,False
MN200777,True,False
MN200778,True,False
MN204492,False,True
MN204493,False,True
MN204494,False,True
MN204495,False,True
MN204496,False,True
MN204497,False,True
MN204498,False,True
MN204499,False,True
MN204500,False,True
MN204501,False,True
MN204502,False,True
MN204503,False,True
MN204504,False,True
MN212906,True,False
MN215888,True,False
MN218190,True,False
MN218191,True,False
MN218775,True,False
MN224564,False,True
MN224565,False,True
MN224566,False,True
MN227145,True,False
MN228696,True,False
MN234161,False,True
MN234162,False,True
MN234163,False,True
MN234164,False,True
MN234165,False,True
MN234166,False,True
MN234167,False,True
MN234168,False,True
MN234169,False,True
MN234170,False,True
MN234171,False,True
MN234172,False,True
MN234173,False,True
MN234174,False,True
MN234175,False,True
MN234176,False,True
MN234177,False,True
MN234178,False,True
MN234179,False,True
MN234180,False,True
MN234181,False,True
MN234182,False,True
MN234183,False,True
MN234184,False,True
MN234185,False,True
MN234186,False,True
MN234187,False,True
MN234188,False,True
MN234189,False,True
MN234190,False,True
MN234191,False,True
MN234192,False,True
MN234193,False,True
MN234194,False,True
MN234195,False,True
MN234196,False,True
MN234197,False,True
MN234198,False,True
MN234199,False,True
MN234200,False,True
MN234201,False,True
MN234202,False,True
MN234203,False,True
MN234204,False,True
MN234205,False,True
MN234206,False,True
MN234207,False,True
MN234208,False,True
MN234209,False,True
MN234210,False,True
MN234211,False,True
MN234212,False,True
MN234213,False,True
MN234214,False,True
MN234215,False,True
MN234216,False,True
MN234217,False,True
MN234218,False,True
MN234219,False,True
MN234220,False,True
MN234221,False,True
MN234222,False,True
MN234223,False,True
MN234224,False,True
MN234225,False,True
MN234226,False,True
MN234227,False,True
MN234228,False,True
MN234229,False,True
MN234230,False,True
MN234231,False,True
MN234232,False,True
MN234233,False,True
MN234234,False,True
MN234235,False,True
MN234236,False,True
MN241318,False,True
MN252582,True,False
MN263053,True,False
MN266305,True,False
MN270258,False,True
MN270259,False,True
MN270260,False,True
MN270261,False,True
MN270262,False,True
MN270263,False,True
MN270264,False,True
MN270265,False,True
MN270266,False,True
MN270267,False,True
MN270268,False,True
MN270269,False,True
MN270270,False,True
MN270271,False,True
MN270272,False,True
MN270273,False,True
MN270274,False,True
MN270275,False,True
MN270276,False,True
MN270277,False,True
MN270278,False,True
MN270279,False,True
MN270887,True,False
MN270888,True,False
MN270889,True,False
MN270890,True,False
MN270891,True,False
MN270892,True,False
MN271656,True,False
MN276049,True,False
MN276192,False,True
MN284892,False,True
MN284893,False,True
MN284894,False,True
MN284895,False,True
MN284896,False,True
MN284897,False,True
MN284898,False,True
MN284899,False,True
MN284900,False,True
MN284901,False,True
MN284902,False,True
MN284903,False,True
MN284904,False,True
MN284905,False,True
MN284906,False,True
MN284907,False,True
MN284908,False,True
MN294712,True,False
MN296515,True,False
MN304941,False,True
MN308080,True,False
MN310541,False,True
MN310542,False,True
MN310543,False,True
MN310544,False,True
MN310545,False,True
MN310546,False,True
MN310547,False,True
MN310548,False,True
MN310549,False,True
MN313256,True,False
MN316588,True,False
MN317029,True,False
MN327636,True,False
MN329673,False,True
MN329674,False,True
MN329675,False,True
MN329676,False,True
MN329677,False,True
MN329678,False,True
MN329679,False,True
MN334766,True,False
MN336261,False,True
MN336262,False,True
MN336263,False,True
MN336264,True,False
MN336265,True,False
MN336266,True,False
MN337573,True,False
MN337887,False,True
MN340231,True,False
MN342150,True,False
MN342151,True,False
MN342247,True,False
MN364664,False,True
MN369737,False,True
MN369738,False,True
MN369739,False,True
MN369740,False,True
MN369741,False,True
MN369742,False,True
MN369743,False,True
MN369744,False,True
MN369745,False,True
MN369746,False,True
MN369747,False,True
MN369748,False,True
MN369749,False,True
MN369750,False,True
MN369751,False,True
MN369752,False,True
MN369753,False,True
MN369754,False,True
MN369755,False,True
MN369756,False,True
MN369757,False,True
MN369758,False,True
MN369759,False,True
MN369760,False,True
MN369761,False,True
MN369762,False,True
MN369763,False,True
MN369764,False,True
MN369765,False,True
MN369766,False,True
MN379460,True,False
MN379461,True,False
MN379739,True,False
MN379740,True,False
MN379832,True,False
MN380459,True,False
MN384978,True,False
MN384979,True,False
MN393078,True,False
MN393079,True,False
MN393473,True,False
MN395284,True,False
MN395285,True,False
MN395286,True,False
MN395291,True,False
MN399336,True,False
MN402506,True,False
MN414250,True,False
MN417334,False,True
MN419153,True,False
MN428047,False,True
MN428048,False,True
MN428049,False,True
MN428050,False,True
MN428051,False,True
MN428052,False,True
MN428053,False,True
MN428054,False,True
MN428055,False,True
MN428056,False,True
MN428057,False,True
MN428058,False,True
MN428059,False,True
MN428060,False,True
MN428061,False,True
MN428062,False,True
MN428063,False,True
MN428064,False,True
MN428065,False,True
MN428066,False,True
MN432485,True,False
MN433707,True,False
MN434092,True,False
MN434093,True,False
MN434094,True,False
MN434095,True,False
MN434096,True,False
MN444868,False,True
MN444869,False,True
MN444870,False,True
MN444871,False,True
MN444872,False,True
MN444873,False,True
MN444874,False,True
MN444875,False,True
MN444876,False,True
MN444877,False,True
MN444878,False,True
MN445182,True,False
MN445183,True,False
MN445184,True,False
MN445185,True,False
MN450150,True,False
MN453779,True,False
MN461279,True,False
MN478376,True,False
MN478483,True,False
MN481365,True,False
MN481366,True,False
MN481367,True,False
MN484599,False,True
MN484600,False,True
MN484601,False,True
MN496305,True,False
MN496306,True,False
MN496307,True,False
MN496308,True,False
MN497414,True,False
MN497415,True,False
MN497953,False,True
MN497954,False,True
MN504636,True,False
MN505213,True,False
MN508356,True,False
MN508614,True,False
MN508615,True,False
MN508616,True,False
MN508617,True,False
MN508618,True,False
MN508619,True,False
MN508620,True,False
MN508621,True,False
MN508622,True,False
MN508623,True,False
MN508624,True,False
MN508817,True,False
MN509793,True,False
MN510331,True,False
MN512538,True,False
MN516421,True,False
MN516422,True,False
MN518139,True,False
MN518893,True,False
MN518894,True,False
MN524844,False,True
MN524845,False,True
MN528768,False,True
MN530981,True,False
MN534315,False,True
MN534316,False,True
MN534317,False,True
MN534318,False,True
MN534319,False,True
MN534320,False,True
MN536023,True,False
MN536026,True,False
MN536027,True,False
MN539721,True,False
MN539736,False,True
MN539737,False,True
MN539738,False,True
MN545971,True,False
MN549360,True,False
MN549361,True,False
MN552143,False,True
MN552144,False,True
MN552145,False,True
MN552146,False,True
MN552147,False,True
MN552148,False,True
MN552149,False,True
MN552150,False,True
MN553583,True,False
MN553584,True,False
MN553585,True,False
MN553586,True,False
MN553587,True,False
MN553588,True,False
MN553589,True,False
MN562221,True,False
MN562749,True,False
MN563783,True,False
MN563784,True,False
MN563785,True,False
MN563793,True,False
MN564818,True,False
MN580668,True,False
MN584918,True,False
MN585130,True,False
MN585195,True,False
MN585963,False,True
MN585964,False,True
MN585965,False,True
MN585966,False,True
MN585967,False,True
MN585968,False,True
MN585969,False,True
MN585970,False,True
MN585971,False,True
MN585972,False,True
MN585973,False,True
MN585974,False,True
MN585975,False,True
MN585976,False,True
MN585977,False,True
MN585978,False,True
MN585979,False,True
MN585980,False,True
MN585981,False,True
MN585982,False,True
MN585983,False,True
MN585984,False,True
MN585985,False,True
MN585986,False,True
MN585987,False,True
MN585988,False,True
MN585989,False,True
MN585990,False,True
MN585991,False,True
MN585992,False,True
MN585993,False,True
MN585994,False,True
MN585995,False,True
MN585996,False,True
MN585997,False,True
MN585998,False,True
MN585999,False,True
MN586000,False,True
MN586001,False,True
MN586002,False,True
MN586003,False,True
MN586004,False,True
MN586005,False,True
MN586006,False,True
MN586007,False,True
MN586008,False,True
MN586009,False,True
MN586010,False,True
MN586011,False,True
MN586012,False,True
MN586013,False,True
MN586014,False,True
MN586015,False,True
MN586016,False,True
MN586017,False,True
MN586018,False,True
MN586019,False,True
MN586020,False,True
MN586021,False,True
MN586022,False,True
MN586023,False,True
MN586024,False,True
MN586025,False,True
MN586026,False,True
MN586027,False,True
MN586028,False,True
MN586029,False,True
MN586030,False,True
MN586031,False,True
MN586032,False,True
MN586033,False,True
MN586034,False,True
MN586035,False,True
MN586036,False,True
MN586037,False,True
MN586038,False,True
MN586039,False,True
MN586040,False,True
MN586041,False,True
MN586042,False,True
MN586043,False,True
MN586044,False,True
MN586045,False,True
MN586046,False,True
MN586047,False,True
MN586048,False,True
MN586049,False,True
MN586050,False,True
MN586051,False,True
MN586052,False,True
MN586053,False,True
MN586054,False,True
MN586055,False,True
MN586056,False,True
MN586057,False,True
MN586058,False,True
MN586059,False,True
MN586060,False,True
MN586061,False,True
MN586062,False,True
MN586063,False,True
MN592896,True,False
MN592897,True,False
MN602045,True,False
MN602881,True,False
MN604053,True,False
MN604230,False,True
MN604238,True,False
MN604239,True,False
MN604407,True,False
MN604698,False,True
MN614471,True,False
MN615698,True,False
MN615699,True,False
MN615700,True,False
MN615701,True,False
MN615702,True,False
MN617773,True,False
MN617835,True,False
MN617840,False,True
MN617841,False,True
MN617842,False,True
MN617843,False,True
MN617844,False,True
MN617845,False,True
MN642089,True,False
MN648195,True,False
MN648445,True,False
MN651570,True,False
MN655998,True,False
MN655999,True,False
MN656993,True,False
MN662249,True,False
MN685189,True,False
MN685190,True,False
MN685191,True,False
MN688132,True,False
MN689503,False,True
MN689504,False,True
MN689505,False,True
MN689506,False,True
MN689507,False,True
MN689508,False,True
MN689509,False,True
MN689510,False,True
MN689511,False,True
MN689512,False,True
MN689513,False,True
MN689514,False,True
MN689515,False,True
MN689516,False,True
MN689517,False,True
MN689518,False,True
MN689519,False,True
MN689520,False,True
MN689521,False,True
MN689522,False,True
MN689523,False,True
MN689524,False,True
MN689525,False,True
MN689526,False,True
MN689527,False,True
MN689528,False,True
MN689529,False,True
MN689530,False,True
MN689531,False,True
MN689532,False,True
MN689533,False,True
MN689778,True,False
MN689779,True,False
MN690600,True,False
MN692199,True,False
MN692200,True,False
MN692672,True,False
MN692673,True,False
MN695334,True,False
MN695335,True,False
MN698239,True,False
MN698240,True,False
MN698241,True,False
MN698242,True,False
MN698243,True,False
MN698244,True,False
MN698245,True,False
MN698246,True,False
MN698247,True,False
MN698248,True,False
MN703405,False,True
MN703406,False,True
MN703407,False,True
MN703408,False,True
MN703409,False,True
MN703410,False,True
MN703411,False,True
MN703412,False,True
MN703413,False,True
MN703414,False,True
MN703415,False,True
MN709127,True,False
MN709128,True,False
MN710383,True,False
MN715150,True,False
MN715356,True,False
MN716856,True,False
MN718199,True,False
MN718463,False,True
MN719123,True,False
MN722429,True,False
MN723850,True,False
MN727882,False,True
MN728683,False,True
MN728684,False,True
MN729595,True,False
MN729596,True,False
MN729597,True,False
MN729598,True,False
MN729599,True,False
MN729600,True,False
MN732867,True,False
MN732883,True,False
MN732896,True,False
MN734436,True,False
MN734437,True,False
MN734438,True,False
MN734439,True,False
MN735429,False,True
MN735430,False,True
MN735431,False,True
MN735432,False,True
MN735433,False,True
MN735434,False,True
MN735435,False,True
MN737551,True,False
MN737622,False,True
MN746332,True,False
MN781108,True,False
MN781580,True,False
MN781674,True,False
MN782535,True,False
MN783016,True,False
MN788369,True,False
MN794000,True,False
MN794001,True,False
MN794002,True,False
MN794003,True,False
MN794232,True,False
MN794238,True,False
MN807240,True,False
MN807246,False,True
MN807247,False,True
MN807248,False,True
MN807249,False,True
MN807250,False,True
MN807295,True,False
MN812203,True,False
MN812204,True,False
MN812205,True,False
MN812206,True,False
MN812207,True,False
MN812208,True,False
MN812209,True,False
MN812210,True,False
MN812211,True,False
MN812212,True,False
MN812213,True,False
MN812214,True,False
MN812215,True,False
MN812216,True,False
MN812217,True,False
MN812218,True,False
MN812219,True,False
MN812220,True,False
MN812221,True,False
MN812222,True,False
MN812223,True,False
MN812224,True,False
MN812225,True,False
MN812226,True,False
MN812227,True,False
MN812228,True,False
MN812229,True,False
MN812230,True,False
MN812231,True,False
MN812232,True,False
MN812233,True,False
MN812234,True,False
MN812235,True,False
MN812236,True,False
MN812237,True,False
MN812238,True,False
MN812239,True,False
MN812240,True,False
MN812241,True,False
MN812685,True,False
MN812686,True,False
MN812687,True,False
MN812688,True,False
MN812689,True,False
MN812690,True,False
MN812691,True,False
MN812692,True,False
MN812693,True,False
MN812694,True,False
MN812722,True,False
MN813048,True,False
MN813049,True,False
MN813050,True,False
MN813051,True,False
MN813052,True,False
MN813053,True,False
MN813675,False,True
MN813676,False,True
MN813677,False,True
MN813678,False,True
MN813679,False,True
MN813680,False,True
MN813681,False,True
MN813682,False,True
MN813683,False,True
MN813684,False,True
MN813685,False,True
MN813686,False,True
MN813687,False,True
MN813688,False,True
MN813689,False,True
MN813690,False,True
MN813691,False,True
MN813692,False,True
MN813693,False,True
MN813694,False,True
MN813695,False,True
MN813696,False,True
MN813697,False,True
MN813698,False,True
MN813699,False,True
MN813700,False,True
MN820898,True,False
MN830252,False,True
MN830253,False,True
MN830254,False,True
MN830255,False,True
MN830256,False,True
MN830257,False,True
MN830258,False,True
MN830259,False,True
MN840485,True,False
MN840486,True,False
MN840487,True,False
MN844877,True,False
MN850564,True,False
MN850565,True,False
MN850566,True,False
MN850567,True,False
MN850568,True,False
MN850569,True,False
MN850570,True,False
MN850571,True,False
MN850572,True,False
MN850573,True,False
MN850574,True,False
MN850575,True,False
MN850576,True,False
MN850577,True,False
MN850578,True,False
MN850579,True,False
MN850580,True,False
MN850581,True,False
MN850582,True,False
MN850583,True,False
MN850584,True,False
MN850585,True,False
MN850586,True,False
MN850587,True,False
MN850588,True,False
MN850589,True,False
MN850590,True,False
MN850591,True,False
MN850592,True,False
MN850593,True,False
MN850594,True,False
MN850595,True,False
MN850596,True,False
MN850597,True,False
MN850598,True,False
MN850599,True,False
MN850600,True,False
MN850601,True,False
MN850602,True,False
MN850603,True,False
MN850604,True,False
MN850605,True,False
MN850606,True,False
MN850607,True,False
MN850608,True,False
MN850609,True,False
MN850610,True,False
MN850611,True,False
MN850612,True,False
MN850613,True,False
MN850614,True,False
MN850615,True,False
MN850616,True,False
MN850617,True,False
MN850618,True,False
MN850619,True,False
MN850620,True,False
MN850621,True,False
MN850622,True,False
MN850623,True,False
MN850624,True,False
MN850625,True,False
MN850626,True,False
MN850627,True,False
MN850628,True,False
MN850629,True,False
MN850630,True,False
MN850631,True,False
MN850632,True,False
MN850633,True,False
MN850634,True,False
MN850635,True,False
MN850636,True,False
MN850637,True,False
MN850638,True,False
MN850639,True,False
MN850640,True,False
MN850641,True,False
MN850642,True,False
MN850643,True,False
MN850644,True,False
MN850645,True,False
MN850646,True,False
MN850647,True,False
MN850648,True,False
MN850649,True,False
MN850650,True,False
MN850651,True,False
MN850656,True,False
MN854830,False,True
MN857473,True,False
MN857617,False,True
MN862068,True,False
MN864145,True,False
MN864865,True,False
MN871440,True,False
MN871441,True,False
MN871442,True,False
MN871443,False,True
MN871444,True,False
MN871445,True,False
MN871446,True,False
MN871447,True,False
MN871448,True,False
MN871449,True,False
MN871450,True,False
MN871451,True,False
MN871452,True,False
MN871453,True,False
MN871454,True,False
MN871455,True,False
MN871456,True,False
MN871457,True,False
MN871458,True,False
MN871459,True,False
MN871460,True,False
MN871461,True,False
MN871462,True,False
MN871463,True,False
MN871464,True,False
MN871465,True,False
MN871466,True,False
MN871467,True,False
MN871468,True,False
MN871469,True,False
MN871470,True,False
MN871471,True,False
MN871472,True,False
MN871473,True,False
MN871474,True,False
MN871475,True,False
MN871476,True,False
MN871478,True,False
MN871479,True,False
MN871480,True,False
MN871481,True,False
MN871482,True,False
MN871483,True,False
MN871484,True,False
MN871485,True,False
MN871486,True,False
MN871487,True,False
MN871488,True,False
MN871489,True,False
MN871490,True,False
MN871491,True,False
MN871492,True,False
MN871493,True,False
MN871494,True,False
MN871495,True,False
MN871496,True,False
MN871497,True,False
MN871498,True,False
MN871499,True,False
MN871500,True,False
MN871501,True,False
MN871502,True,False
MN871503,True,False
MN871504,True,False
MN871505,True,False
MN871506,True,False
MN871507,True,False
MN871508,True,False
MN871509,True,False
MN871510,True,False
MN871511,True,False
MN876841,True,False
MN876842,True,False
MN876843,True,False
MN876845,True,False
MN877442,True,False
MN882349,True,False
MN882542,True,False
MN882550,False,True
MN882551,False,True
MN882552,False,True
MN882553,False,True
MN882554,False,True
MN882610,True,False
MN890136,True,False
MN890137,True,False
MN890138,True,False
MN890139,True,False
MN890140,True,False
MN890141,True,False
MN890142,True,False
MN890143,True,False
MN892483,False,True
MN892484,False,True
MN892485,False,True
MN892486,False,True
MN892487,False,True
MN894885,True,False
MN895434,True,False
MN895435,True,False
MN895436,True,False
MN895437,True,False
MN895438,True,False
MN901520,True,False
MN901521,True,False
MN901924,True,False
MN904502,False,True
MN904510,False,True
MN905160,True,False
MN906996,True,False
MN908683,False,True
MN908684,False,True
MN908685,False,True
MN908686,False,True
MN908687,False,True
MN908688,False,True
MN908689,False,True
MN908690,False,True
MN908691,False,True
MN908692,False,True
MN908693,False,True
MN908694,False,True
MN917146,True,False
MN922296,True,False
MN923124,True,False
MN927225,True,False
MN927226,True,False
MN929097,True,False
MN935200,False,True
MN935203,True,False
MN937349,True,False
MN938931,False,True
MN939408,False,True
MN939539,False,True
MN939540,False,True
MN940411,False,True
MN945899,False,True
MN945900,False,True
MN945901,False,True
MN945902,False,True
MN945903,False,True
MN945904,False,True
MN945905,False,True
MN953776,True,False
MN954399,True,False
MN956514,True,False
MN956515,True,False
MN958086,True,False
MN966730,True,False
MN966731,True,False
MN966732,True,False
MN974282,True,False
MN988459,True,False
MN988460,True,False
MN988461,True,False
MN988462,True,False
MN988463,True,False
MN988464,True,False
MN988465,True,False
MN988466,True,False
MN988467,True,False
MN988468,True,False
MN988469,True,False
MN988470,True,False
MN988471,True,False
MN988472,True,False
MN988473,True,False
MN988474,True,False
MN988475,True,False
MN988476,True,False
MN988477,True,False
MN988478,True,False
MN988479,True,False
MN988480,True,False
MN988481,True,False
MN988482,True,False
MN988483,True,False
MN988484,True,False
MN988485,True,False
MN988486,True,False
MN988487,True,False
MN988488,True,False
MN988489,True,False
MN988490,True,False
MN988491,True,False
MN988492,True,False
MN988493,True,False
MN988494,True,False
MN988495,True,False
MN988496,True,False
MN988497,True,False
MN988498,True,False
MN988499,True,False
MN988500,True,False
MN988501,True,False
MN988502,True,False
MN988503,True,False
MN988504,True,False
MN988505,True,False
MN988506,True,False
MN988507,True,False
MN988508,True,False
MN988509,True,False
MN988510,True,False
MN988511,True,False
MN988512,True,False
MN988513,True,False
MN988514,True,False
MN988515,True,False
MN988516,True,False
MN988517,True,False
MN988518,True,False
MN988519,True,False
MN988520,True,False
MN988521,True,False
MN988522,True,False
MN988523,True,False
MN988524,True,False
MN988525,True,False
MN988526,True,False
MN988527,True,False
MN988528,True,False
MN988529,True,False
MN988530,True,False
MN988531,True,False
MN988532,True,False
MN988533,True,False
MN988534,True,False
MN988535,True,False
MN988536,True,False
MN988537,True,False
MN988538,True,False
MN988539,True,False
MN988540,True,False
MN988541,True,False
MN988542,True,False
MN988543,True,False
MN988544,True,False
MN988545,True,False
MN988546,True,False
MN988547,True,False
MN988548,True,False
MN988549,True,False
MN988550,True,False
MN988551,False,True
MN988552,True,False
MN988553,True,False
MN988554,True,False
MN988555,True,False
MN988556,True,False
MN988557,True,False
MN988558,True,False
MN988559,True,False
MN988560,True,False
MN988561,True,False
MN994275,False,True
MN995824,False,True
MN996301,True,False
MT001829,True,False
MT002873,True,False
MT002875,True,False
MT002975,True,False
MT004791,True,False
MT006233,False,True
MT006234,False,True
MT006235,False,True
MT006236,False,True
MT006237,False,True
MT006238,False,True
MT006239,False,True
MT006240,False,True
MT012302,True,False
MT012729,True,False
MT012730,True,False
MT013111,False,True
MT023084,True,False
MT024859,False,True
MT024860,False,True
MT024861,False,True
MT024862,False,True
MT024863,False,True
MT024864,False,True
MT024865,False,True
MT024866,False,True
MT024867,False,True
MT024868,False,True
MT024869,False,True
MT024870,False,True
MT024871,False,True
MT024872,False,True
MT028297,True,False
MT028491,True,False
MT028492,True,False
MT047590,True,False
MT066160,True,False
MT074134,True,False
MT074135,True,False
MT074136,True,False
MT074137,True,False
MT074138,True,False
MT074139,True,False
MT074140,True,False
MT074141,True,False
MT074142,True,False
MT074143,True,False
MT074144,True,False
MT074145,True,False
MT074146,True,False
MT074147,True,False
MT074148,True,False
MT074149,True,False
MT074150,True,False
MT074151,True,False
MT074152,True,False
MT074153,True,False
MT074154,True,False
MT074155,True,False
MT074156,True,False
MT074157,True,False
MT074158,True,False
MT074159,True,False
MT074160,True,False
MT074429,True,False
MT074430,True,False
MT074431,True,False
MT074432,True,False
MT074433,True,False
MT074434,True,False
MT074435,True,False
MT074436,True,False
MT074437,True,False
MT074438,True,False
MT074439,True,False
MT074440,True,False
MT074441,True,False
MT074442,True,False
MT074443,True,False
MT074444,True,False
MT074445,True,False
MT074446,True,False
MT074447,True,False
MT074448,True,False
MT074449,True,False
MT074450,True,False
MT074451,True,False
MT074452,True,False
MT074453,True,False
MT074454,True,False
MT074455,True,False
MT074456,True,False
MT074457,True,False
MT074458,True,False
MT074459,True,False
MT074460,True,False
MT074461,True,False
MT074462,True,False
MT074463,True,False
MT074464,True,False
MT074465,True,False
MT074466,True,False
MT074467,True,False
MT074468,True,False
MT074469,True,False
MT074470,True,False
MT074471,True,False
MT074472,True,False
MT074473,True,False
MT074474,True,False
MT074475,True,False
MT074476,True,False
MT074477,True,False
MT074478,True,False
MT074479,True,False
MT074480,True,False
MT074481,True,False
MT074482,True,False
MT074483,True,False
MT074484,True,False
MT075871,True,False
MT078988,True,False
MT080102,True,False
MT080103,True,False
MT080582,False,True
MT080583,False,True
MT080584,False,True
MT080585,False,True
MT080586,False,True
MT080587,False,True
MT080588,False,True
MT080589,False,True
MT080590,False,True
MT080591,False,True
MT080592,False,True
MT080593,False,True
MT080594,False,True
MT080595,False,True
MT080596,False,True
MT080597,False,True
MT080598,False,True
MT080599,False,True
MT080600,False,True
MT080601,False,True
MT080602,False,True
MT080603,False,True
MT084350,True,False
MT090077,True,False
MT094430,True,False
MT094431,True,False
MT104122,False,True
MT104465,True,False
MT104466,True,False
MT104467,True,False
MT104468,True,False
MT104469,True,False
MT104470,True,False
MT104471,True,False
MT104472,True,False
MT104473,True,False
MT104474,True,False
MT104475,True,False
MT104476,True,False
MT104477,True,False
MT108723,True,False
MT108724,True,False
MT108725,True,False
MT108726,True,False
MT108727,True,False
MT108728,True,False
MT108729,True,False
MT108730,True,False
MT108731,True,False
MT110073,True,False
MT114158,False,True
MT114159,False,True
MT114160,False,True
MT114161,False,True
MT114162,False,True
MT114163,False,True
MT114164,False,True
MT114165,False,True
MT114166,False,True
MT114167,False,True
MT118288,True,False
MT118289,True,False
MT118290,True,False
MT118291,True,False
MT118292,True,False
MT118293,True,False
MT118294,True,False
MT118295,True,False
MT118296,True,False
MT118297,True,False
MT118298,True,False
MT118299,True,False
MT118300,True,False
MT118301,True,False
MT118302,True,False
MT118303,True,False
MT118304,True,False
MT118305,True,False
MT119359,False,True
MT119360,False,True
MT119361,False,True
MT119362,True,False
MT119363,True,False
MT119364,True,False
MT119365,True,False
MT119366,True,False
MT119367,True,False
MT119368,True,False
MT119369,True,False
MT119370,True,False
MT119371,True,False
MT119372,True,False
MT119373,True,False
MT119374,True,False
MT119375,True,False
MT119376,True,False
MT119377,True,False
MT119378,True,False
MT119766,True,False
MT121966,True,False
MT121967,True,False
MT121968,True,False
MT127619,True,False
MT127620,True,False
MT129652,True,False
MT129653,True,False
MT129654,True,False
MT129655,True,False
MT133560,True,False
MT133561,True,False
MT133562,True,False
MT133563,True,False
MT135024,True,False
MT135025,True,False
MT135026,True,False
MT135176,True,False
MT136606,False,True
MT150133,True,False
MT151386,False,True
MT151604,False,True
MT152150,True,False
MT152698,True,False
MT157285,True,False
MT161381,True,False
MT161382,True,False
MT161383,True,False
MT161384,True,False
MT161385,True,False
MT161386,True,False
MT161387,True,False
MT161459,True,False
MT162466,True,False
MT162467,True,False
MT162468,True,False
MT176424,True,False
MT176425,True,False
MT176426,True,False
MT176427,True,False
MT178275,True,False
MT178448,True,False
MT178766,False,True
MT178767,False,True
MT179807,True,False
MT185428,True,False
MT188223,True,False
MT188662,True,False
MT188663,True,False
MT188664,True,False
MT188665,True,False
MT188666,True,False
MT188704,True,False
MT193276,False,True
MT193890,True,False
MT197175,True,False
MT197176,True,False
MT210152,False,True
MT210154,True,False
MT215167,True,False
MT225100,True,False
MT225101,True,False
MT226657,False,True
MT227924,True,False
MT227925,True,False
MT230534,True,False
MT233524,True,False
MT234338,True,False
MT234339,True,False
MT234340,True,False
MT234341,True,False
MT234342,True,False
MT234343,True,False
MT234670,True,False
MT239398,True,False
MT241605,True,False
MT241607,True,False
MT251347,True,False
MT251348,True,False
MT254578,False,True
MT259468,True,False
MT261384,True,False
MT263719,True,False
MT270409,True,False
MT276994,True,False
MT303952,False,True
MT310850,False,True
MT310851,False,True
MT310852,False,True
MT310853,False,True
MT310854,False,True
MT310855,False,True
MT310856,False,True
MT310857,False,True
MT310858,False,True
MT310859,False,True
MT310860,False,True
MT310861,False,True
MT310862,False,True
MT310863,False,True
MT310864,False,True
MT310865,False,True
MT310866,False,True
MT310867,False,True
MT310868,False,True
MT310869,False,True
MT310870,False,True
MT310871,False,True
MT310872,False,True
MT310873,False,True
MT310874,False,True
MT310875,False,True
MT310876,False,True
MT310877,False,True
MT310878,False,True
MT310879,False,True
MT310880,False,True
MT310881,False,True
MT310882,False,True
MT310883,False,True
MT310884,False,True
MT310885,False,True
MT310886,False,True
MT310887,False,True
MT310888,False,True
MT310889,False,True
MT310890,False,True
MT310891,False,True
MT310892,False,True
MT310893,False,True
MT310894,False,True
MT310895,False,True
MT310896,False,True
MT310897,False,True
MT310898,False,True
MT311645,True,False
MT311967,False,True
MT311968,False,True
MT316458,False,True
MT316459,False,True
MT316460,False,True
MT316461,False,True
MT316462,False,True
MT316463,False,True
MT322327,True,False
MT325768,False,True
MT330372,True,False
MT331608,True,False
MT334653,True,False
MT338525,False,True
MT341500,True,False
MT344103,True,False
MT344104,True,False
MT344105,True,False
MT345684,True,False
MT349887,True,False
MT349888,True,False
MT350292,True,False
MT350293,True,False
MT354569,True,False
MT354570,True,False
MT360680,True,False
MT360681,True,False
MT360682,True,False
MT361768,True,False
MT361972,True,False
MT362618,False,True
MT366568,False,True
MT366580,True,False
MT366760,True,False
MT366761,True,False
MT366762,True,False
MT366931,True,False
MT366932,True,False
MT366933,True,False
MT366934,True,False
MT366935,True,False
MT366936,True,False
MT366937,True,False
MT366938,True,False
MT366939,True,False
MT366940,True,False
MT366941,True,False
MT366942,True,False
MT366943,True,False
MT366944,True,False
MT366945,False,True
MT366946,False,True
MT366947,False,True
MT366948,False,True
MT374852,True,False
MT374853,True,False
MT374854,True,False
MT374855,True,False
MT374856,True,False
MT374857,True,False
MT374858,True,False
MT374859,True,False
MT375042,True,False
MT375519,True,False
MT375520,True,False
MT375521,True,False
MT375523,True,False
MT375524,True,False
MT375525,True,False
MT375526,True,False
MT375527,True,False
MT375528,True,False
MT375529,True,False
MT375530,True,False
MT375531,True,False
MT380195,True,False
MT385367,True,False
MT408532,True,False
MT409116,True,False
MT409176,True,False
MT410774,False,True
MT411892,False,True
MT413450,True,False
MT416090,True,False
MT416612,False,True
MT419366,True,False
MT422786,False,True
MT423823,False,True
MT423824,False,True
MT424636,True,False
MT425185,True,False
MT426122,True,False
MT427400,True,False
MT430910,False,True
MT431535,True,False
MT438396,True,False
MT438761,False,True
MT442039,True,False
MT446386,True,False
MT446387,True,False
MT446388,True,False
MT446389,True,False
MT446390,True,False
MT446391,True,False
MT446392,True,False
MT446393,True,False
MT446394,True,False
MT446395,True,False
MT446396,True,False
MT446397,True,False
MT446398,True,False
MT446399,True,False
MT446400,True,False
MT446401,True,False
MT446402,True,False
MT446403,True,False
MT446404,True,False
MT446405,True,False
MT446406,True,False
MT446407,True,False
MT446408,True,False
MT446409,True,False
MT446410,True,False
MT446411,True,False
MT446412,True,False
MT446413,True,False
MT446414,True,False
MT446415,True,False
MT446416,True,False
MT446417,True,False
MT446418,True,False
MT446419,True,False
MT446420,True,False
MT446421,True,False
MT446422,True,False
MT446423,True,False
MT448615,True,False
MT448616,True,False
MT448617,True,False
MT451873,True,False
MT451980,False,True
MT451981,False,True
MT451982,False,True
MT451983,False,True
MT451984,False,True
MT451985,False,True
MT457475,True,False
MT457552,True,False
MT457553,True,False
MT459144,True,False
MT459794,False,True
MT460514,True,False
MT460515,True,False
MT460516,True,False
MT460517,True,False
MT460518,True,False
MT465573,True,False
MT478991,True,False
MT478992,True,False
MT478993,True,False
MT490303,True,False
MT490373,False,True
MT491204,True,False
MT491205,True,False
MT491206,True,False
MT491207,True,False
MT491208,True,False
MT495635,True,False
MT496969,True,False
MT496970,True,False
MT496971,True,False
MT497017,True,False
MT497065,True,False
MT497066,True,False
MT497067,True,False
MT497068,True,False
MT497069,True,False
MT497070,True,False
MT497071,True,False
MT497072,True,False
MT497073,True,False
MT497074,True,False
MT497075,True,False
MT497076,True,False
MT497077,True,False
MT497078,True,False
MT497079,True,False
MT497080,True,False
MT497081,True,False
MT497082,True,False
MT497083,True,False
MT497084,True,False
MT497085,True,False
MT497086,True,False
MT497087,True,False
MT497088,True,False
MT497089,True,False
MT497090,True,False
MT497091,True,False
MT497092,True,False
MT497093,True,False
MT497094,True,False
MT497095,True,False
MT497096,True,False
MT497097,True,False
MT497098,True,False
MT497099,True,False
MT497100,True,False
MT497101,True,False
MT497102,True,False
MT497103,True,False
MT497104,True,False
MT497105,True,False
MT497106,True,False
MT497107,True,False
MT497108,True,False
MT497109,True,False
MT497110,True,False
MT497111,True,False
MT497112,True,False
MT497113,True,False
MT497114,True,False
MT497115,True,False
MT497116,True,False
MT497117,True,False
MT497118,True,False
MT497119,True,False
MT497120,True,False
MT497121,True,False
MT497122,True,False
MT497123,True,False
MT497124,True,False
MT497125,True,False
MT497224,True,False
MT497225,True,False
MT497226,True,False
MT497227,True,False
MT497228,True,False
MT497229,True,False
MT497230,True,False
MT497231,True,False
MT497232,True,False
MT497233,True,False
MT497234,True,False
MT497235,True,False
MT497236,True,False
MT497237,True,False
MT497238,True,False
MT497239,True,False
MT497240,True,False
MT497241,True,False
MT497242,True,False
MT497243,True,False
MT497244,True,False
MT497245,True,False
MT497246,True,False
MT497247,True,False
MT497248,True,False
MT497249,True,False
MT497250,True,False
MT497251,True,False
MT497252,True,False
MT497253,True,False
MT497254,True,False
MT497255,True,False
MT497256,True,False
MT497257,True,False
MT497258,True,False
MT497259,True,False
MT497260,True,False
MT497261,True,False
MT497262,True,False
MT497263,True,False
MT497264,True,False
MT497265,True,False
MT497266,True,False
MT497267,True,False
MT497268,True,False
MT497269,True,False
MT497270,True,False
MT497271,True,False
MT497272,True,False
MT497273,True,False
MT497274,True,False
MT497275,True,False
MT497276,True,False
MT497277,True,False
MT497278,True,False
MT497279,True,False
MT498035,False,True
MT498036,False,True
MT498037,False,True
MT498038,False,True
MT498039,False,True
MT498040,False,True
MT498041,False,True
MT498042,False,True
MT498043,False,True
MT498044,False,True
MT498045,False,True
MT498046,False,True
MT498047,False,True
MT498048,False,True
MT498049,False,True
MT498050,False,True
MT498051,False,True
MT498052,False,True
MT498053,False,True
MT498054,False,True
MT498055,False,True
MT498056,False,True
MT498057,False,True
MT498058,False,True
MT498059,False,True
MT498060,False,True
MT498061,False,True
MT498062,False,True
MT498063,False,True
MT498064,False,True
MT498065,False,True
MT498066,False,True
MT498067,False,True
MT499896,True,False
MT499897,True,False
MT499898,True,False
MT500539,True,False
MT500540,False,True
MT501516,True,False
MT511058,True,False
MT514532,False,True
MT515751,True,False
MT515752,True,False
MT515753,True,False
MT515754,True,False
MT515755,True,False
MT515756,True,False
MT515757,True,False
MT520979,False,True
MT521990,False,True
MT521991,False,True
MT521992,False,True
MT521993,False,True
MT521994,False,True
MT521995,False,True
MT521996,False,True
MT521997,False,True
MT521998,False,True
MT521999,False,True
MT522000,False,True
MT522001,False,True
MT522002,False,True
MT522003,False,True
MT522004,False,True
MT522005,False,True
MT522006,False,True
MT522007,False,True
MT526905,True,False
MT533174,True,False
MT536174,True,False
MT542512,True,False
MT542697,True,False
MT543041,True,False
MT552976,True,False
MT553335,False,True
MT553336,False,True
MT553337,False,True
MT553338,False,True
MT553339,False,True
MT553340,False,True
MT553341,False,True
MT553342,False,True
MT553343,False,True
MT553344,False,True
MT553345,False,True
MT553346,False,True
MT553347,False,True
MT554104,False,True
MT559526,True,False
MT559527,True,False
MT559528,True,False
MT560058,True,False
MT560059,True,False
MT577844,True,False
MT580116,True,False
MT580117,True,False
MT580897,True,False
MT584805,False,True
MT584811,True,False
MT585273,True,False
MT585274,True,False
MT585275,True,False
MT585276,True,False
MT585277,True,False
MT585278,True,False
MT585279,True,False
MT585280,True,False
MT585281,True,False
MT585282,True,False
MT585283,True,False
MT585284,True,False
MT585285,True,False
MT585286,True,False
MT585287,True,False
MT585288,True,False
MT585289,True,False
MT585290,True,False
MT585291,True,False
MT585292,True,False
MT585293,True,False
MT585294,True,False
MT585295,True,False
MT585296,True,False
MT585297,True,False
MT585298,True,False
MT585299,True,False
MT585300,True,False
MT585301,True,False
MT585302,True,False
MT585303,True,False
MT585304,True,False
MT585305,True,False
MT585306,True,False
MT585307,True,False
MT585308,True,False
MT585309,True,False
MT585310,True,False
MT585311,True,False
MT585312,True,False
MT585313,True,False
MT585314,True,False
MT585315,True,False
MT586120,True,False
MT588083,True,False
MT591577,True,False
MT596497,False,True
MT596498,False,True
MT596499,False,True
MT596500,False,True
MT596501,False,True
MT596502,False,True
MT596503,False,True
MT596504,False,True
MT596505,False,True
MT596506,False,True
MT597419,True,False
MT601270,False,True
MT601271,False,True
MT601272,False,True
MT601273,False,True
MT601274,False,True
MT611523,True,False
MT612988,True,False
MT612989,True,False
MT613935,True,False
MT623546,True,False
MT623578,True,False
MT625440,True,False
MT627482,False,True
MT630408,True,False
MT630433,True,False
MT632017,True,False
MT632018,True,False
MT632019,True,False
MT632020,True,False
MT633129,True,False
MT635598,True,False
MT639639,False,True
MT639640,False,True
MT639641,False,True
MT639642,False,True
MT639643,False,True
MT639644,False,True
MT639645,False,True
MT639646,False,True
MT639647,False,True
MT639648,False,True
MT639649,False,True
MT639650,False,True
MT639651,False,True
MT639652,False,True
MT639653,False,True
MT639654,False,True
MT647605,True,False
MT647606,True,False
MT647607,False,True
MT653137,True,False
MT653143,True,False
MT653144,True,False
MT653145,True,False
MT653146,True,False
MT657330,False,True
MT657331,False,True
MT657332,False,True
MT657333,False,True
MT657334,False,True
MT657335,False,True
MT657336,False,True
MT657337,False,True
MT657338,False,True
MT657339,False,True
MT657340,False,True
MT657341,False,True
MT657342,False,True
MT657343,False,True
MT657344,False,True
MT658802,False,True
MT658803,False,True
MT658804,False,True
MT658805,False,True
MT661596,True,False
MT661597,False,True
MT661598,False,True
MT662115,True,False
MT663719,True,False
MT663720,True,False
MT664721,True,False
MT664722,True,False
MT664984,True,False
MT668623,False,True
MT668624,False,True
MT670417,True,False
MT670418,True,False
MT670419,True,False
MT670420,True,False
MT670421,True,False
MT670422,True,False
MT675124,True,False
MT675125,True,False
MT675126,True,False
MT677933,True,False
MT677934,True,False
MT679221,True,False
MT679222,True,False
MT679223,True,False
MT680615,True,False
MT681669,True,False
MT682064,True,False
MT682065,True,False
MT682386,True,False
MT682387,True,False
MT682388,True,False
MT682389,True,False
MT682390,True,False
MT682391,True,False
MT682705,True,False
MT682706,True,False
MT682707,True,False
MT682708,True,False
MT682709,True,False
MT682710,True,False
MT682711,True,False
MT682712,True,False
MT682713,True,False
MT682714,True,False
MT682715,True,False
MT682716,True,False
MT684586,False,True
MT684587,False,True
MT684588,False,True
MT684589,False,True
MT684590,False,True
MT684591,False,True
MT684592,False,True
MT684593,False,True
MT684594,False,True
MT684595,False,True
MT684596,False,True
MT684597,False,True
MT684598,False,True
MT684599,False,True
MT684600,False,True
MT684601,False,True
MT684602,False,True
MT700412,False,True
MT701586,True,False
MT701587,True,False
MT701588,True,False
MT701589,True,False
MT701590,True,False
MT701591,True,False
MT701592,True,False
MT701593,False,True
MT701594,False,True
MT701595,False,True
MT701596,False,True
MT701597,False,True
MT701598,False,True
MT708544,True,False
MT708545,True,False
MT708546,True,False
MT708547,True,False
MT708548,False,True
MT708549,True,False
MT708550,True,False
MT710307,True,False
MT711370,True,False
MT711523,True,False
MT711524,True,False
MT711525,True,False
MT711526,True,False
MT711527,True,False
MT711528,True,False
MT711887,True,False
MT711888,True,False
MT711889,True,False
MT711890,True,False
MT711975,False,True
MT711976,False,True
MT711977,False,True
MT711978,False,True
MT711979,False,True
MT713136,True,False
MT720689,True,False
MT723932,False,True
MT723933,False,True
MT723934,False,True
MT723935,False,True
MT723936,False,True
MT723937,False,True
MT723938,False,True
MT723939,False,True
MT723940,False,True
MT723941,False,True
MT723942,False,True
MT723943,False,True
MT723944,False,True
MT723945,False,True
MT724048,False,True
MT732432,True,False
MT732433,True,False
MT732434,True,False
MT732435,True,False
MT732436,True,False
MT732437,True,False
MT732438,True,False
MT732439,True,False
MT732440,True,False
MT732441,True,False
MT732442,True,False
MT732443,True,False
MT732444,True,False
MT732445,True,False
MT732446,True,False
MT732447,True,False
MT732448,True,False
MT732449,True,False
MT732450,True,False
MT732451,True,False
MT732452,True,False
MT732453,True,False
MT732454,True,False
MT732455,True,False
MT732457,True,False
MT732458,True,False
MT732459,True,False
MT732460,True,False
MT732461,True,False
MT732462,True,False
MT732463,True,False
MT732464,True,False
MT732465,True,False
MT732466,True,False
MT732467,True,False
MT732468,True,False
MT732469,True,False
MT732470,True,False
MT732471,True,False
MT732472,True,False
MT732473,True,False
MT732474,True,False
MT732475,True,False
MT735629,True,False
MT735630,True,False
MT740244,True,False
MT740245,True,False
MT740291,True,False
MT740307,True,False
MT740314,True,False
MT740315,True,False
MT740725,True,False
MT740726,True,False
MT740727,True,False
MT740728,True,False
MT740729,True,False
MT740730,True,False
MT740731,True,False
MT740732,True,False
MT740733,True,False
MT740734,True,False
MT740735,True,False
MT740736,True,False
MT740737,True,False
MT740738,True,False
MT740739,True,False
MT740740,True,False
MT740741,True,False
MT740742,True,False
MT740743,True,False
MT740744,True,False
MT740745,True,False
MT740746,True,False
MT740747,True,False
MT740748,True,False
MT741943,True,False
MT741944,True,False
MT745954,False,True
MT745955,False,True
MT745956,False,True
MT747434,False,True
MT747435,False,True
MT757392,True,False
MT757399,False,True
MT758688,False,True
MT758689,False,True
MT764206,True,False
MT764207,True,False
MT764208,True,False
MT764845,True,False
MT767883,True,False
MT768059,True,False
MT768060,True,False
MT770738,True,False
MT771339,False,True
MT771340,False,True
MT771341,False,True
MT771342,False,True
MT771343,False,True
MT771344,False,True
MT771345,False,True
MT771346,False,True
MT771347,False,True
MT771348,False,True
MT771349,False,True
MT771350,False,True
MT774487,True,False
MT776806,False,True
MT776807,False,True
MT776808,False,True
MT776809,False,True
MT776810,False,True
MT776811,False,True
MT776812,False,True
MT776813,False,True
MT777452,False,True
MT778837,True,False
MT778838,True,False
MT778839,True,False
MT778840,True,False
MT782071,True,False
MT783706,True,False
MT786458,False,True
MT787017,False,True
MT795651,True,False
MT799840,True,False
MT806185,True,False
MT806186,True,False
MT806187,True,False
MT808983,True,False
MT811961,True,False
MT813140,True,False
MT813141,True,False
MT813142,True,False
MT813197,True,False
MT818415,False,True
MT818416,False,True
MT818417,False,True
MT818418,False,True
MT818419,False,True
MT818420,False,True
MT818421,False,True
MT818422,False,True
MT818423,False,True
MT818424,False,True
MT818425,False,True
MT818426,False,True
MT818427,False,True
MT822284,True,False
MT822285,True,False
MT822286,True,False
MT822287,True,False
MT822288,True,False
MT828551,True,False
MT828552,True,False
MT828553,True,False
MT829326,False,True
MT830620,True,False
MT833282,True,False
MT833283,True,False
MT833387,True,False
MT843274,True,False
MT843275,True,False
MT843276,True,False
MT855965,True,False
MT856905,False,True
MT857001,False,True
MT857002,True,False
MT859305,False,True
MT862763,True,False
MT863714,True,False
MT863715,True,False
MT863716,True,False
MT863717,True,False
MT863718,True,False
MT863719,True,False
MT863720,True,False
MT863721,True,False
MT863722,True,False
MT863723,True,False
MT863724,True,False
MT863725,True,False
MT863726,True,False
MT863727,True,False
MT863728,True,False
MT863729,True,False
MT863730,True,False
MT863731,True,False
MT872956,True,False
MT880870,False,True
MT880871,False,True
MT880872,False,True
MT884006,True,False
MT884007,True,False
MT884008,True,False
MT884009,True,False
MT884010,True,False
MT884011,True,False
MT884012,True,False
MT884013,True,False
MT884014,True,False
MT884015,True,False
MT887289,True,False
MT889364,False,True
MT889365,False,True
MT889366,False,True
MT889367,False,True
MT889368,False,True
MT889369,False,True
MT889370,False,True
MT889371,False,True
MT889372,False,True
MT889373,False,True
MT889374,False,True
MT889375,False,True
MT889376,False,True
MT889377,False,True
MT889378,False,True
MT889379,False,True
MT889380,False,True
MT889381,False,True
MT889382,False,True
MT889383,False,True
MT889384,False,True
MT889385,False,True
MT889386,False,True
MT889387,False,True
MT889388,False,True
MT889389,False,True
MT889390,False,True
MT889391,False,True
MT889392,False,True
MT889393,False,True
MT889394,False,True
MT889395,False,True
MT889396,False,True
MT889397,False,True
MT889398,False,True
MT894004,True,False
MT894005,True,False
MT897901,False,True
MT897902,False,True
MT897903,False,True
MT897904,False,True
MT897905,False,True
MT897906,False,True
MT897907,False,True
MT897908,False,True
MT897909,False,True
MT897910,False,True
MT899443,True,False
MT899444,True,False
MT899504,False,True
MT900487,False,True
MT900488,False,True
MT901797,True,False
MT901798,True,False
MT901799,True,False
MT901800,True,False
MT902335,True,False
MT909815,False,True
MT920315,True,False
MT926124,False,True
MT932211,True,False
MT932212,True,False
MT932213,True,False
MT932329,True,False
MT933737,True,False
MT936332,False,True
MT939240,False,True
MT939241,False,True
MT939242,False,True
MT939252,True,False
MT939253,True,False
MT939486,True,False
MT939487,True,False
MT939488,True,False
MT939492,True,False
MT941682,True,False
MT944117,True,False
MT947439,True,False
MT949699,True,False
MT951568,True,False
MT951623,True,False
MT952005,True,False
MT952843,False,True
MT952844,False,True
MT952845,False,True
MT952846,False,True
MT952847,False,True
MT952848,False,True
MT952849,False,True
MT952850,False,True
MT952851,False,True
MT952852,False,True
MT952853,False,True
MT952854,False,True
MT956952,False,True
MT966872,True,False
MT966873,True,False
MT968995,True,False
MT974436,True,False
MT975991,True,False
MT980836,False,True
MT980837,False,True
MT980838,False,True
MT980839,False,True
MT980840,False,True
MT980841,False,True
MT984581,True,False
MT986025,False,True
MT986026,False,True
MT986027,False,True
MT986028,False,True
MT986029,False,True
MT992243,True,False
MT995926,True,False
MT995927,True,False
MT995928,True,False
MW001214,False,True
MW001769,True,False
MW004544,False,True
MW004545,False,True
MW006474,True,False
MW006475,True,False
MW006476,True,False
MW006477,True,False
MW006478,True,False
MW006479,True,False
MW006480,True,False
MW006481,True,False
MW006482,True,False
MW009675,True,False
MW012634,False,True
MW013502,True,False
MW013503,True,False
MW015080,True,False
MW015081,True,False
MW021748,True,False
MW021749,True,False
MW021750,True,False
MW021751,True,False
MW021752,True,False
MW021753,True,False
MW021754,True,False
MW021755,True,False
MW021756,True,False
MW021757,True,False
MW021758,True,False
MW021759,True,False
MW021760,True,False
MW021761,True,False
MW021762,True,False
MW021763,True,False
MW021764,True,False
MW021765,True,False
MW021766,True,False
MW021767,True,False
MW023914,True,False
MW032452,True,False
MW032477,False,True
MW041632,False,True
MW041633,False,True
MW041634,False,True
MW041635,False,True
MW041636,False,True
MW041637,False,True
MW041638,False,True
MW041639,False,True
MW041640,False,True
MW042787,True,False
MW042788,True,False
MW042789,True,False
MW042790,True,False
MW042791,True,False
MW042792,True,False
MW042793,True,False
MW042794,True,False
MW042795,True,False
MW042796,True,False
MW042797,True,False
MW042798,True,False
MW042799,True,False
MW042800,True,False
MW042801,True,False
MW042802,True,False
MW042803,True,False
MW042804,True,False
MW042805,True,False
MW042806,True,False
MW042807,True,False
MW042808,True,False
MW042809,True,False
MW042810,True,False
MW042811,True,False
MW042812,True,False
MW043865,True,False
MW055901,False,True
MW055902,False,True
MW055903,False,True
MW055904,False,True
MW055905,False,True
MW055906,False,True
MW055907,False,True
MW055908,False,True
MW055909,False,True
MW055910,False,True
MW055911,False,True
MW055912,False,True
MW055913,False,True
MW055914,False,True
MW055915,False,True
MW056501,True,False
MW056502,True,False
MW056503,True,False
MW057783,True,False
MW057854,True,False
MW057855,True,False
MW057856,True,False
MW057857,True,False
MW057858,True,False
MW057859,True,False
MW057860,True,False
MW057861,True,False
MW057862,True,False
MW057918,True,False
MW057919,True,False
MW057920,False,True
MW057932,False,True
MW057933,True,False
MW072790,True,False
MW073017,True,False
MW073100,False,True
MW074124,True,False
MW074125,True,False
MW074126,True,False
MW074885,True,False
MW082583,True,False
MW082584,True,False
MW084976,False,True
MW114771,True,False
MW117144,True,False
MW117965,True,False
MW117966,True,False
MW119258,True,False
MW119570,False,True
MW132713,False,True
MW132714,False,True
MW145136,True,False
MW145137,True,False
MW145138,True,False
MW145139,True,False
MW145539,False,True
MW147366,False,True
MW147367,True,False
MW147598,True,False
MW147599,True,False
MW147600,True,False
MW147601,True,False
MW147602,True,False
MW147603,True,False
MW149272,True,False
MW149273,True,False
MW149274,True,False
MW149275,True,False
MW151244,True,False
MW161461,False,True
MW161462,False,True
MW161463,False,True
MW161464,False,True
MW161465,False,True
MW161466,False,True
MW161467,False,True
MW161468,False,True
MW175414,True,False
MW175491,True,False
MW176032,True,False
MW176033,True,False
MW176034,True,False
MW192778,False,True
MW201959,True,False
MW205203,True,False
MW206381,True,False
MW217515,True,False
MW218148,False,True
MW221967,False,True
MW233709,True,False
MW238767,False,True
MW239124,True,False
MW239157,True,False
MW247143,True,False
MW247144,True,False
MW247145,True,False
MW247146,True,False
MW247147,True,False
MW248466,False,True
MW250275,True,False
MW250276,True,False
MW250641,True,False
MW250785,True,False
MW250786,True,False
MW250787,True,False
MW258709,True,False
MW258710,True,False
MW258711,True,False
MW258712,True,False
MW269554,True,False
MW269952,True,False
MW272540,True,False
MW273920,True,False
MW273921,True,False
MW273922,True,False
MW273923,True,False
MW273924,True,False
MW273925,True,False
MW273926,True,False
MW281503,False,True
MW286156,True,False
MW286157,True,False
MW286254,False,True
MW286266,True,False
MW286267,True,False
MW286268,True,False
MW291012,False,True
MW291013,False,True
MW291014,False,True
MW291015,False,True
MW291016,False,True
MW291017,False,True
MW291018,False,True
MW291019,False,True
MW291020,False,True
MW291021,False,True
MW291022,False,True
MW291023,False,True
MW291024,False,True
MW291025,False,True
MW291026,False,True
MW291027,False,True
MW291028,False,True
MW291508,True,False
MW296032,True,False
MW296865,True,False
MW296877,True,False
MW302330,False,True
MW311372,True,False
MW314138,True,False
MW314845,False,True
MW314846,False,True
MW314847,False,True
MW314848,False,True
MW314849,False,True
MW314850,False,True
MW314851,False,True
MW314852,False,True
MW314853,False,True
MW314854,False,True
MW314855,False,True
MW314856,False,True
MW314857,False,True
MW314858,False,True
MW314859,False,True
MW316731,True,False
MW316732,True,False
MW316733,True,False
MW317014,True,False
MW321605,True,False
MW321655,False,True
MW325771,True,False
MW329986,True,False
MW331437,True,False
MW331544,True,False
MW334946,True,False
MW341595,True,False
MW343794,True,False
MW344054,True,False
MW344055,True,False
MW344056,True,False
MW344764,True,False
MW344765,True,False
MW344766,True,False
MW344767,True,False
MW345241,True,False
MW345254,True,False
MW348917,False,True
MW349128,False,True
MW349129,False,True
MW349133,True,False
MW349138,True,False
MW353166,False,True
MW353167,False,True
MW353168,False,True
MW353169,True,False
MW353170,True,False
MW353171,True,False
MW353172,True,False
MW353175,True,False
MW353176,True,False
MW353177,True,False
MW353181,False,True
MW354667,False,True
MW354668,False,True
MW354669,False,True
MW354670,False,True
MW354676,False,True
MW354677,False,True
MW354678,False,True
MW355449,True,False
MW355450,True,False
MW355451,True,False
MW355452,True,False
MW355453,True,False
MW355454,True,False
MW355455,True,False
MW355456,True,False
MW355457,True,False
MW355458,True,False
MW355459,True,False
MW355460,True,False
MW355461,True,False
MW355462,True,False
MW355463,True,False
MW355464,True,False
MW355465,True,False
MW355466,True,False
MW355467,True,False
MW355468,True,False
MW355469,True,False
MW355470,True,False
MW355471,True,False
MW355472,True,False
MW355473,True,False
MW355474,True,False
MW355475,True,False
MW355476,True,False
MW355477,True,False
MW355478,True,False
MW355479,True,False
MW355480,True,False
MW358880,False,True
MW358927,True,False
MW358928,True,False
MW358929,True,False
MW358930,True,False
MW358931,True,False
MW362867,True,False
MW363798,False,True
MW363799,False,True
MW364971,False,True
MW364972,False,True
MW364973,False,True
MW364974,False,True
MW364975,False,True
MW365733,True,False
MW365946,False,True
MW365947,False,True
MW365948,False,True
MW365949,False,True
MW365950,False,True
MW365951,False,True
MW365952,False,True
MW365953,False,True
MW366783,True,False
MW366784,True,False
MW366843,True,False
MW367417,True,False
MW367418,True,False
MW367898,True,False
MW373745,True,False
MW380983,True,False
MW380984,True,False
MW380985,True,False
MW384823,True,False
MW385300,True,False
MW387018,False,True
MW388001,True,False
MW388002,True,False
MW388003,True,False
MW388004,True,False
MW388005,True,False
MW390886,True,False
MW392801,False,True
MW392802,False,True
MW392803,False,True
MW393850,True,False
MW394388,True,False
MW394389,True,False
MW394390,True,False
MW394391,True,False
MW394467,False,True
MW398869,True,False
MW406974,True,False
MW406975,True,False
MW406976,True,False
MW411578,True,False
MW411580,True,False
MW413353,True,False
MW416012,True,False
MW417503,True,False
MW419084,False,True
MW419085,False,True
MW419086,False,True
MW419087,False,True
MW419775,False,True
MW419910,True,False
MW421576,True,False
MW421577,True,False
MW421578,True,False
MW421579,True,False
MW421580,True,False
MW421581,True,False
MW421582,True,False
MW421583,True,False
MW421584,True,False
MW423737,True,False
MW423738,True,False
MW423739,True,False
MW423797,True,False
MW423798,True,False
MW427215,True,False
MW430345,False,True
MW435566,True,False
MW435853,False,True
MW435854,False,True
MW435855,False,True
MW435856,False,True
MW435857,False,True
MW435858,False,True
MW435859,False,True
MW442825,True,False
MW442826,True,False
MW442827,True,False
MW442828,True,False
MW442829,True,False
MW442830,True,False
MW448170,True,False
MW448539,True,False
MW448540,True,False
MW448541,True,False
MW450817,True,False
MW451246,True,False
MW451247,True,False
MW451248,True,False
MW451249,True,False
MW451250,True,False
MW451251,True,False
MW452562,False,True
MW459163,True,False
MW460245,True,False
MW460246,True,False
MW460247,True,False
MW460248,False,True
MW460249,True,False
MW460250,False,True
MW462221,True,False
MW464860,True,False
MW476489,False,True
MW476490,False,True
MW477480,False,True
MW477799,True,False
MW478289,False,True
MW478290,False,True
MW478291,False,True
MW478292,False,True
MW481326,True,False
MW495044,True,False
MW495853,False,True
MW505928,False,True
MW507123,False,True
MW507124,False,True
MW507125,False,True
MW507126,False,True
MW507127,False,True
MW507128,False,True
MW507129,False,True
MW507130,False,True
MW507131,False,True
MW507132,False,True
MW507133,False,True
MW507134,False,True
MW507135,False,True
MW507136,False,True
MW512264,True,False
MW512570,False,True
MW512571,False,True
MW512572,False,True
MW512573,False,True
MW512830,True,False
MW512831,True,False
MW512832,True,False
MW512833,True,False
MW512834,True,False
MW514246,True,False
MW514247,True,False
MW526258,True,False
MW526259,True,False
MW526260,True,False
MW528836,False,True
MW534374,False,True
MW534375,False,True
MW534376,False,True
MW534377,False,True
MW534378,False,True
MW534379,False,True
MW534380,False,True
MW534381,False,True
MW544066,True,False
MW546064,False,True
MW546065,False,True
MW546066,False,True
MW546067,False,True
MW546068,False,True
MW546069,False,True
MW546070,False,True
MW546071,False,True
MW546072,False,True
MW546073,False,True
MW546074,False,True
MW546075,False,True
MW546077,False,True
MW554488,False,True
MW557846,True,False
MW557853,True,False
MW560978,True,False
MW567727,True,False
MW570730,True,False
MW570842,False,True
MW578835,False,True
MW578836,False,True
MW578837,False,True
MW582531,False,True
MW582532,False,True
MW582634,False,True
MW584148,False,True
MW584149,False,True
MW584150,False,True
MW584151,False,True
MW584152,False,True
MW584153,False,True
MW584154,False,True
MW584155,False,True
MW584156,False,True
MW584157,False,True
MW584158,False,True
MW584159,False,True
MW584160,False,True
MW584161,False,True
MW584162,False,True
MW584163,False,True
MW584164,False,True
MW584165,False,True
MW584166,False,True
MW584167,False,True
MW584168,False,True
MW584169,False,True
MW584170,False,True
MW584171,False,True
MW584172,False,True
MW584173,False,True
MW584174,False,True
MW584175,False,True
MW584176,False,True
MW584177,False,True
MW584178,False,True
MW584179,False,True
MW584180,False,True
MW584181,False,True
MW584182,False,True
MW584183,False,True
MW584184,False,True
MW584185,False,True
MW584186,False,True
MW584187,False,True
MW584188,False,True
MW584189,False,True
MW584190,False,True
MW584191,False,True
MW584192,False,True
MW584193,False,True
MW584194,False,True
MW584195,False,True
MW584196,False,True
MW584197,False,True
MW584198,False,True
MW584199,False,True
MW584200,False,True
MW584201,False,True
MW584202,False,True
MW584203,False,True
MW584204,False,True
MW584205,False,True
MW584206,False,True
MW584207,False,True
MW584208,False,True
MW584209,False,True
MW584210,False,True
MW584211,False,True
MW584212,False,True
MW584228,False,True
MW584871,True,False
MW589261,False,True
MW590223,False,True
MW590329,True,False
MW590698,True,False
MW595220,True,False
MW595221,True,False
MW596414,False,True
MW598258,True,False
MW598459,True,False
MW600722,True,False
MW601216,False,True
MW601217,False,True
MW601218,False,True
MW601219,False,True
MW601220,False,True
MW601221,False,True
MW601222,False,True
MW601223,False,True
MW601224,False,True
MW601225,False,True
MW602648,True,False
MW623430,False,True
MW627293,False,True
MW627366,True,False
MW629017,True,False
MW630115,True,False
MW630116,True,False
MW633168,False,True
MW650841,False,True
MW650886,True,False
MW651859,True,False
MW654182,False,True
MW655991,True,False
MW660583,True,False
MW671054,True,False
MW672037,True,False
MW672041,False,True
MW677132,False,True
MW677509,True,False
MW677510,True,False
MW677511,True,False
MW677512,True,False
MW677513,True,False
MW677514,True,False
MW677515,True,False
MW677516,True,False
MW677517,True,False
MW677518,True,False
MW677519,True,False
MW677520,True,False
MW677521,True,False
MW677522,True,False
MW677523,True,False
MW677524,True,False
MW677525,True,False
MW677526,True,False
MW677527,True,False
MW677528,True,False
MW677529,True,False
MW679410,True,False
MW689258,True,False
MW712717,False,True
MW712718,False,True
MW712719,False,True
MW712720,False,True
MW712721,False,True
MW712722,False,True
MW712723,False,True
MW712724,False,True
MW712725,False,True
MW712726,False,True
MW712727,False,True
MW712728,False,True
MW712729,False,True
MW712730,False,True
MW712731,False,True
MW712732,False,True
MW712733,False,True
MW712734,False,True
MW712735,False,True
MW712736,False,True
MW712737,False,True
MW713383,False,True
MW713578,True,False
MW715619,True,False
MW722080,True,False
MW722081,True,False
MW722082,True,False
MW722083,True,False
MW722521,True,False
MW722821,True,False
MW725301,True,False
MW735835,True,False
MW741821,True,False
MW748991,True,False
MW748992,True,False
MW748993,True,False
MW748998,True,False
MW748999,True,False
MW749000,True,False
MW749001,True,False
MW749002,False,True
MW749003,False,True
MW749004,True,False
MW749005,True,False
MW749006,True,False
MW749007,False,True
MW749008,True,False
MW749009,True,False
MW749010,True,False
MW760841,True,False
MW767161,True,False
MW767996,True,False
MW787012,False,True
MW788655,True,False
MW788656,True,False
MW790495,True,False
MW790496,True,False
MW791312,False,True
MW794140,True,False
MW794141,True,False
MW794142,True,False
MW794143,True,False
MW794144,True,False
MW794145,True,False
MW794146,True,False
MW794147,True,False
MW794148,True,False
MW794149,True,False
MW794150,True,False
MW794151,True,False
MW794152,True,False
MW794153,True,False
MW794154,True,False
MW794155,True,False
MW794156,True,False
MW794157,True,False
MW794158,True,False
MW794159,True,False
MW794160,True,False
MW794161,True,False
MW794162,True,False
MW794163,True,False
MW794164,True,False
MW794165,True,False
MW794166,True,False
MW794167,True,False
MW794168,True,False
MW794169,True,False
MW794170,True,False
MW794171,True,False
MW794172,True,False
MW794173,True,False
MW794174,True,False
MW794175,True,False
MW794176,True,False
MW794177,True,False
MW794178,True,False
MW794179,True,False
MW794180,True,False
MW794181,True,False
MW794182,True,False
MW794183,True,False
MW794184,True,False
MW794185,True,False
MW794186,True,False
MW794187,True,False
MW794188,True,False
MW794189,True,False
MW794190,True,False
MW794191,True,False
MW794192,True,False
MW802488,True,False
MW805361,True,False
MW805362,True,False
MW805363,True,False
MW805364,True,False
MW812338,True,False
MW812339,True,False
MW812340,True,False
MW812341,True,False
MW812342,True,False
MW812343,True,False
MW812345,True,False
MW815121,False,True
MW822006,True,False
MW822007,True,False
MW822008,True,False
MW822011,True,False
MW822143,False,True
MW822144,False,True
MW822145,False,True
MW822146,False,True
MW822147,False,True
MW822148,False,True
MW822149,False,True
MW822535,True,False
MW822536,True,False
MW822537,True,False
MW822538,True,False
MW822539,True,False
MW822601,True,False
MW824369,True,False
MW824370,True,False
MW824371,True,False
MW824372,True,False
MW824373,True,False
MW824374,True,False
MW824375,True,False
MW824376,True,False
MW824377,True,False
MW824378,True,False
MW824379,True,False
MW824380,True,False
MW824381,True,False
MW824382,True,False
MW824383,True,False
MW824384,True,False
MW824385,True,False
MW824386,True,False
MW824387,True,False
MW824388,True,False
MW824389,True,False
MW824390,True,False
MW824391,True,False
MW824392,True,False
MW824393,True,False
MW824394,True,False
MW824395,True,False
MW824396,True,False
MW824397,True,False
MW824398,True,False
MW824399,True,False
MW824400,True,False
MW824401,True,False
MW824402,True,False
MW824403,True,False
MW824404,True,False
MW824405,True,False
MW824406,True,False
MW824407,True,False
MW824408,True,False
MW824409,True,False
MW824410,True,False
MW824411,True,False
MW824412,True,False
MW824413,True,False
MW824414,True,False
MW824415,True,False
MW824416,True,False
MW824417,True,False
MW824418,True,False
MW824419,True,False
MW824420,True,False
MW824421,True,False
MW824422,True,False
MW824423,True,False
MW824424,True,False
MW824425,True,False
MW824426,True,False
MW824427,True,False
MW824428,True,False
MW824429,True,False
MW824430,True,False
MW824431,True,False
MW824432,True,False
MW824433,True,False
MW824434,True,False
MW825358,True,False
MW831865,True,False
MW835180,True,False
MW845758,True,False
MW845759,True,False
MW845760,True,False
MW846279,False,True
MW862109,True,False
MW862804,True,False
MW862979,False,True
MW862980,False,True
MW862981,False,True
MW862982,False,True
MW862983,False,True
MW862984,False,True
MW862985,False,True
MW862986,False,True
MW862987,False,True
MW862988,False,True
MW862989,False,True
MW862990,False,True
MW862991,False,True
MW862992,False,True
MW862993,False,True
MW865291,True,False
MW865292,True,False
MW865293,True,False
MW865297,True,False
MW865299,True,False
MW865302,True,False
MW865307,True,False
MW865319,True,False
MW865327,True,False
MW865341,True,False
MW876471,True,False
MW879340,True,False
MW879341,True,False
MW879342,True,False
MW879343,True,False
MW879344,True,False
MW882907,True,False
MW882933,True,False
MW882934,True,False
MW883059,True,False
MW883060,True,False
MW883061,True,False
MW900438,True,False
MW911612,True,False
MW911613,True,False
MW911614,True,False
MW911615,True,False
MW916539,True,False
MW924497,False,True
MW924638,False,True
MW924639,False,True
MW924640,False,True
MW924641,False,True
MW924642,False,True
MW924643,False,True
MW924644,False,True
MW924645,False,True
MW924646,False,True
MW924647,False,True
MW924648,False,True
MW924649,False,True
MW924650,False,True
MW924889,False,True
MW926912,True,False
MW927511,False,True
MW927512,False,True
MW927513,False,True
MW927514,False,True
MW927515,False,True
MW927516,False,True
MW927517,False,True
MW927518,False,True
MW927519,False,True
MW927520,False,True
MW927521,False,True
MW927522,False,True
MW927523,False,True
MW927524,False,True
MW927525,False,True
MW929175,True,False
MW929182,True,False
MW934263,True,False
MW960029,True,False
MW960030,True,False
MW960031,True,False
MW960032,True,False
MW960033,True,False
MW960034,True,False
MW960035,True,False
MW960036,True,False
MW960037,True,False
MW960038,True,False
MW960043,True,False
MW965453,True,False
MW978786,True,False
MW980061,True,False
MW980062,True,False
MW980063,True,False
MW980064,True,False
MW980065,True,False
MW980066,True,False
MW980067,True,False
MW980068,True,False
MW980069,True,False
MW980070,True,False
MW980071,True,False
MW980072,True,False
MW980073,True,False
MW980074,True,False
MZ004649,True,False
MZ005670,False,True
MZ005671,False,True
MZ005672,False,True
MZ005673,False,True
MZ005674,False,True
MZ005675,False,True
MZ005676,False,True
MZ005677,False,True
MZ005678,False,True
MZ005679,False,True
MZ005680,False,True
MZ005681,False,True
MZ005682,False,True
MZ005683,False,True
MZ005684,False,True
MZ005685,False,True
MZ020222,True,False
MZ028625,False,True
MZ028626,False,True
MZ028627,False,True
MZ028628,False,True
MZ031013,True,False
MZ041098,False,True
MZ042490,True,False
MZ043613,True,False
MZ043897,True,False
MZ047271,True,False
MZ065353,True,False
MZ073369,True,False
MZ078141,True,False
MZ079855,True,False
MZ089728,True,False
MZ089729,True,False
MZ089730,True,False
MZ089731,True,False
MZ089732,True,False
MZ089733,True,False
MZ089734,True,False
MZ089736,True,False
MZ089737,True,False
MZ089738,True,False
MZ089739,True,False
MZ089740,True,False
MZ089741,True,False
MZ089742,True,False
MZ089978,False,True
MZ089979,False,True
MZ090946,False,True
MZ092003,False,True
MZ099557,True,False
MZ127825,True,False
MZ127829,True,False
MZ147816,False,True
MZ150757,True,False
MZ150758,True,False
MZ150782,False,True
MZ150783,False,True
MZ150784,False,True
MZ150785,False,True
MZ150786,False,True
MZ150787,False,True
MZ150788,False,True
MZ150789,False,True
MZ150790,False,True
MZ150791,False,True
MZ150792,False,True
MZ150793,False,True
MZ152914,False,True
MZ152915,False,True
MZ156567,True,False
MZ156568,True,False
MZ156569,True,False
MZ156570,True,False
MZ170040,True,False
MZ170041,True,False
MZ171369,True,False
MZ171370,False,True
MZ171371,False,True
MZ171372,False,True
MZ171373,False,True
MZ171374,False,True
MZ171375,False,True
MZ171376,False,True
MZ171377,False,True
MZ171378,False,True
MZ171379,False,True
MZ171380,False,True
MZ171381,False,True
MZ172460,True,False
MZ182246,False,True
MZ182247,True,False
MZ188976,True,False
MZ189261,True,False
MZ189262,True,False
MZ208805,True,False
MZ209299,False,True
MZ209300,False,True
MZ209301,False,True
MZ209302,False,True
MZ209303,False,True
MZ209304,False,True
MZ209305,False,True
MZ209306,False,True
MZ209307,False,True
MZ218124,False,True
MZ220765,True,False
MZ220766,True,False
MZ221764,True,False
MZ223858,True,False
MZ229661,True,False
MZ230992,True,False
MZ230993,True,False
MZ230994,True,False
MZ230995,True,False
MZ230996,True,False
MZ230997,True,False
MZ230998,True,False
MZ230999,True,False
MZ231000,True,False
MZ231001,True,False
MZ234008,True,False
MZ234009,True,False
MZ234010,True,False
MZ234011,True,False
MZ234012,True,False
MZ234013,True,False
MZ234014,True,False
MZ234015,True,False
MZ234016,True,False
MZ234017,True,False
MZ234018,True,False
MZ234019,True,False
MZ234020,True,False
MZ234021,True,False
MZ234022,True,False
MZ234023,True,False
MZ234024,True,False
MZ234025,True,False
MZ234026,True,False
MZ234027,True,False
MZ234028,True,False
MZ234029,True,False
MZ234030,True,False
MZ234031,True,False
MZ234032,True,False
MZ234033,True,False
MZ234034,True,False
MZ234035,True,False
MZ234036,True,False
MZ234037,True,False
MZ234038,True,False
MZ234039,True,False
MZ234040,True,False
MZ234041,True,False
MZ234042,True,False
MZ234043,True,False
MZ234044,True,False
MZ234045,True,False
MZ234046,True,False
MZ234047,True,False
MZ234048,True,False
MZ234049,True,False
MZ234050,True,False
MZ234051,True,False
MZ234052,True,False
MZ234053,True,False
MZ272341,False,True
MZ274225,True,False
MZ274304,False,True
MZ274305,False,True
MZ274306,False,True
MZ274307,False,True
MZ274308,False,True
MZ274309,False,True
MZ274310,False,True
MZ285878,True,False
MZ285879,True,False
MZ291552,True,False
MZ292654,True,False
MZ308445,False,True
MZ311861,True,False
MZ311862,True,False
MZ311863,True,False
MZ311864,True,False
MZ311865,True,False
MZ318361,True,False
MZ318362,True,False
MZ318363,True,False
MZ318367,True,False
MZ322004,False,True
MZ322005,False,True
MZ322006,False,True
MZ322007,False,True
MZ322008,False,True
MZ322009,False,True
MZ322010,False,True
MZ322011,False,True
MZ322012,False,True
MZ322013,False,True
MZ322014,False,True
MZ322015,False,True
MZ322016,False,True
MZ322017,False,True
MZ322018,False,True
MZ322019,False,True
MZ322020,False,True
MZ322021,False,True
MZ322022,False,True
MZ322023,False,True
MZ322024,False,True
MZ322025,False,True
MZ322026,False,True
MZ322027,False,True
MZ322028,False,True
MZ322319,True,False
MZ322895,True,False
MZ326168,True,False
MZ326854,True,False
MZ326855,True,False
MZ326856,True,False
MZ326857,True,False
MZ326858,True,False
MZ326859,True,False
MZ326860,True,False
MZ326861,True,False
MZ326862,True,False
MZ326863,True,False
MZ326864,True,False
MZ326865,False,True
MZ326866,True,False
MZ326867,True,False
MZ326868,True,False
MZ327261,True,False
MZ327262,True,False
MZ333131,True,False
MZ333132,True,False
MZ333133,False,True
MZ333134,False,True
MZ333135,True,False
MZ333136,False,True
MZ333456,False,True
MZ333457,False,True
MZ333458,False,True
MZ333461,False,True
MZ333462,False,True
MZ334492,True,False
MZ334493,True,False
MZ334494,True,False
MZ334495,True,False
MZ334496,True,False
MZ334497,True,False
MZ334498,True,False
MZ334499,True,False
MZ334500,True,False
MZ334501,True,False
MZ334502,True,False
MZ334503,True,False
MZ334504,True,False
MZ334505,True,False
MZ334506,True,False
MZ334507,True,False
MZ334508,True,False
MZ334509,True,False
MZ334510,True,False
MZ334511,True,False
MZ334512,True,False
MZ334513,True,False
MZ334514,True,False
MZ334515,True,False
MZ334516,True,False
MZ334517,True,False
MZ334518,True,False
MZ334519,True,False
MZ334520,True,False
MZ334521,True,False
MZ334522,True,False
MZ334523,True,False
MZ334524,True,False
MZ334525,True,False
MZ334526,True,False
MZ334527,True,False
MZ334528,True,False
MZ336020,True,False
MZ342906,True,False
MZ343158,False,True
MZ345003,True,False
MZ348421,True,False
MZ348422,True,False
MZ348423,True,False
MZ348424,True,False
MZ348425,True,False
MZ348426,True,False
MZ355721,False,True
MZ355722,False,True
MZ355723,False,True
MZ355724,False,True
MZ355725,False,True
MZ355726,False,True
MZ355727,False,True
MZ355728,False,True
MZ357096,False,True
MZ358387,True,False
MZ359091,False,True
MZ359670,True,False
MZ361825,False,True
MZ361826,False,True
MZ368140,False,True
MZ369152,True,False
MZ374361,True,False
MZ375232,True,False
MZ375233,True,False
MZ375234,True,False
MZ375235,True,False
MZ375236,True,False
MZ375237,True,False
MZ375238,True,False
MZ375239,True,False
MZ375240,True,False
MZ375241,True,False
MZ375242,True,False
MZ375243,True,False
MZ375244,True,False
MZ375245,True,False
MZ375246,True,False
MZ375247,True,False
MZ375248,True,False
MZ375249,True,False
MZ375250,True,False
MZ375251,True,False
MZ375252,True,False
MZ375253,True,False
MZ375254,True,False
MZ375255,True,False
MZ375256,True,False
MZ375257,True,False
MZ375258,True,False
MZ375259,True,False
MZ375260,True,False
MZ375261,True,False
MZ375262,True,False
MZ375263,True,False
MZ375264,True,False
MZ375265,True,False
MZ375266,True,False
MZ375267,True,False
MZ375268,True,False
MZ375269,True,False
MZ375270,True,False
MZ375271,True,False
MZ375272,True,False
MZ375273,True,False
MZ375274,True,False
MZ375275,True,False
MZ375276,True,False
MZ375277,True,False
MZ375278,True,False
MZ375279,True,False
MZ375280,True,False
MZ375281,True,False
MZ375282,True,False
MZ375283,True,False
MZ375284,True,False
MZ375285,True,False
MZ375286,True,False
MZ375287,True,False
MZ375288,True,False
MZ375289,True,False
MZ375290,True,False
MZ375291,True,False
MZ375292,True,False
MZ375293,True,False
MZ375294,True,False
MZ375295,True,False
MZ375296,True,False
MZ375297,True,False
MZ375298,True,False
MZ375299,True,False
MZ375300,True,False
MZ375301,True,False
MZ375302,True,False
MZ375303,True,False
MZ375304,True,False
MZ375305,True,False
MZ375306,True,False
MZ375307,True,False
MZ375308,True,False
MZ375309,True,False
MZ375310,True,False
MZ375311,True,False
MZ375312,True,False
MZ375313,True,False
MZ375314,True,False
MZ375315,True,False
MZ375316,True,False
MZ375317,True,False
MZ375318,True,False
MZ375319,True,False
MZ375320,True,False
MZ375321,True,False
MZ375322,True,False
MZ375323,True,False
MZ375324,True,False
MZ375325,True,False
MZ375326,True,False
MZ375327,True,False
MZ375328,True,False
MZ375329,True,False
MZ375330,True,False
MZ375331,True,False
MZ375332,True,False
MZ375333,True,False
MZ375334,True,False
MZ375335,True,False
MZ375336,True,False
MZ375337,True,False
MZ375338,True,False
MZ375339,True,False
MZ375340,True,False
MZ375341,True,False
MZ375342,True,False
MZ375343,True,False
MZ375344,True,False
MZ375345,True,False
MZ375346,True,False
MZ375347,True,False
MZ375348,True,False
MZ375349,True,False
MZ375350,True,False
MZ375351,True,False
MZ375352,True,False
MZ375353,True,False
MZ375354,True,False
MZ375355,True,False
MZ375356,True,False
MZ375357,True,False
MZ375358,True,False
MZ375754,True,False
MZ384014,False,True
MZ388551,False,True
MZ388552,False,True
MZ388553,False,True
MZ388554,False,True
MZ388555,False,True
MZ388556,False,True
MZ394712,True,False
MZ398021,True,False
MZ398135,False,True
MZ398136,False,True
MZ398240,True,False
MZ398241,True,False
MZ398242,True,False
MZ398243,True,False
MZ398244,True,False
MZ398245,True,False
MZ398246,True,False
MZ398247,True,False
MZ398248,True,False
MZ399596,False,True
MZ401005,False,True
MZ401006,False,True
MZ401007,False,True
MZ401008,False,True
MZ401009,False,True
MZ402608,False,True
MZ417315,False,True
MZ417316,False,True
MZ417317,False,True
MZ417318,False,True
MZ417319,False,True
MZ417320,False,True
MZ417321,False,True
MZ417322,False,True
MZ417323,False,True
MZ417324,False,True
MZ417325,False,True
MZ417326,False,True
MZ417327,False,True
MZ417328,False,True
MZ417329,False,True
MZ417330,False,True
MZ417331,False,True
MZ417332,False,True
MZ417333,False,True
MZ417334,False,True
MZ417335,False,True
MZ417336,False,True
MZ417337,False,True
MZ417338,False,True
MZ417339,False,True
MZ417340,False,True
MZ417341,False,True
MZ417342,False,True
MZ417343,False,True
MZ417344,False,True
MZ417345,False,True
MZ417346,False,True
MZ417347,False,True
MZ417348,False,True
MZ417349,False,True
MZ417350,False,True
MZ417351,False,True
MZ417352,False,True
MZ417353,False,True
MZ417354,False,True
MZ417521,True,False
MZ420150,False,True
MZ420230,True,False
MZ422438,False,True
MZ424863,True,False
MZ424864,True,False
MZ424865,True,False
MZ427930,False,True
MZ428221,True,False
MZ428222,True,False
MZ428223,True,False
MZ428224,True,False
MZ428225,True,False
MZ428226,True,False
MZ428227,True,False
MZ428228,True,False
MZ428229,True,False
MZ428230,True,False
MZ436628,True,False
MZ436830,True,False
MZ440881,True,False
MZ443769,True,False
MZ443770,True,False
MZ443771,True,False
MZ443772,True,False
MZ443773,True,False
MZ443774,True,False
MZ443776,True,False
MZ443777,True,False
MZ443778,True,False
MZ443779,True,False
MZ443780,True,False
MZ443782,True,False
MZ443783,True,False
MZ443784,True,False
MZ443785,True,False
MZ443786,True,False
MZ443787,True,False
MZ443788,True,False
MZ443789,True,False
MZ444140,True,False
MZ447858,True,False
MZ447863,True,False
MZ456034,False,True
MZ456035,False,True
MZ456036,False,True
MZ456037,False,True
MZ456038,False,True
MZ456039,False,True
MZ456352,True,False
MZ462995,True,False
MZ475891,True,False
MZ475892,True,False
MZ475893,True,False
MZ475894,True,False
MZ475895,True,False
MZ475896,True,False
MZ475897,True,False
MZ475898,True,False
MZ477002,True,False
MZ488273,False,True
MZ489634,True,False
MZ496292,True,False
MZ496293,True,False
MZ496294,True,False
MZ501046,True,False
MZ501047,True,False
MZ501048,True,False
MZ501049,True,False
MZ501050,True,False
MZ501051,True,False
MZ501052,True,False
MZ501053,True,False
MZ501054,True,False
MZ501055,True,False
MZ501056,True,False
MZ501057,True,False
MZ501058,True,False
MZ501059,True,False
MZ501060,True,False
MZ501061,True,False
MZ501062,True,False
MZ501063,True,False
MZ501064,True,False
MZ501065,True,False
MZ501066,True,False
MZ501067,True,False
MZ501068,True,False
MZ501069,True,False
MZ501070,True,False
MZ501071,True,False
MZ501072,True,False
MZ501073,True,False
MZ501074,True,False
MZ501075,True,False
MZ501076,True,False
MZ501077,True,False
MZ501078,True,False
MZ501079,True,False
MZ501080,True,False
MZ501081,True,False
MZ501082,True,False
MZ501083,True,False
MZ501084,True,False
MZ501085,True,False
MZ501086,True,False
MZ501087,True,False
MZ501088,True,False
MZ501089,True,False
MZ501090,True,False
MZ501091,True,False
MZ501092,True,False
MZ501093,True,False
MZ501094,True,False
MZ501095,True,False
MZ501096,True,False
MZ501097,True,False
MZ501098,True,False
MZ501099,True,False
MZ501100,True,False
MZ501101,True,False
MZ501102,True,False
MZ501103,True,False
MZ501104,True,False
MZ501105,True,False
MZ501106,True,False
MZ501107,True,False
MZ501108,True,False
MZ501109,True,False
MZ501110,True,False
MZ501111,True,False
MZ501112,True,False
MZ501113,True,False
MZ501260,False,True
MZ501261,False,True
MZ501262,False,True
MZ501263,False,True
MZ501264,False,True
MZ501265,False,True
MZ501266,True,False
MZ501267,True,False
MZ501268,True,False
MZ501269,True,False
MZ501270,True,False
MZ501271,True,False
MZ501272,True,False
MZ502379,True,False
MZ502380,True,False
MZ503612,False,True
MZ503613,False,True
MZ504995,True,False
MZ506873,True,False
MZ514874,True,False
MZ516527,True,False
MZ516827,True,False
MZ520832,True,False
MZ520833,True,False
MZ547449,True,False
MZ553930,True,False
MZ553931,True,False
MZ560701,True,False
MZ560702,True,False
MZ560703,True,False
MZ561532,True,False
MZ568826,True,False
MZ568827,True,False
MZ568828,True,False
MZ568829,True,False
MZ570151,True,False
MZ570263,False,True
MZ570427,True,False
MZ570582,False,True
MZ571827,True,False
MZ571828,True,False
MZ571829,True,False
MZ571830,True,False
MZ571831,True,False
MZ571832,True,False
MZ571833,True,False
MZ571834,True,False
MZ573780,False,True
MZ573923,False,True
MZ573924,True,False
MZ574429,True,False
MZ574430,True,False
MZ574431,True,False
MZ574432,True,False
MZ574433,True,False
MZ576217,True,False
MZ576218,True,False
MZ592920,True,False
MZ592921,True,False
MZ592922,True,False
MZ593174,True,False
MZ593728,True,False
MZ598487,True,False
MZ598515,True,False
MZ602146,True,False
MZ602147,True,False
MZ602148,True,False
MZ605292,True,False
MZ605293,True,False
MZ611865,True,False
MZ612110,True,False
MZ612130,True,False
MZ614453,True,False
MZ616364,True,False
MZ618622,True,False
MZ622157,False,True
MZ622158,False,True
MZ622159,False,True
MZ622160,False,True
MZ622161,False,True
MZ622162,False,True
MZ622163,False,True
MZ622164,False,True
MZ622165,False,True
MZ622166,False,True
MZ622167,False,True
MZ622168,False,True
MZ622169,False,True
MZ622170,False,True
MZ622171,False,True
MZ622172,False,True
MZ622173,False,True
MZ622174,False,True
MZ622175,False,True
MZ622176,False,True
MZ622177,False,True
MZ622178,False,True
MZ622179,False,True
MZ622180,False,True
MZ622181,False,True
MZ622182,False,True
MZ622183,False,True
MZ622713,True,False
MZ634338,True,False
MZ634339,True,False
MZ634340,True,False
MZ634341,True,False
MZ634342,True,False
MZ634343,True,False
MZ634344,True,False
MZ634345,True,False
MZ634346,True,False
MZ634347,True,False
MZ634348,True,False
MZ634349,True,False
MZ634350,True,False
MZ634351,True,False
MZ643249,True,False
MZ643272,False,True
MZ648031,False,True
MZ648032,False,True
MZ648033,False,True
MZ648034,False,True
MZ648035,False,True
MZ648036,False,True
MZ648037,False,True
MZ648038,False,True
MZ648039,False,True
MZ648040,False,True
MZ648041,False,True
MZ648214,True,False
MZ648215,True,False
MZ666130,False,True
MZ666938,True,False
MZ666965,True,False
MZ666966,True,False
MZ669808,True,False
MZ675741,True,False
MZ681505,False,True
MZ681506,False,True
MZ681507,False,True
MZ681508,False,True
MZ681509,False,True
MZ681510,False,True
MZ681511,False,True
MZ681512,False,True
MZ681513,False,True
MZ681514,False,True
MZ681515,False,True
MZ681516,False,True
MZ681517,False,True
MZ681518,False,True
MZ681519,False,True
MZ681520,False,True
MZ681930,True,False
MZ687409,True,False
MZ701794,True,False
MZ707156,True,False
MZ707157,True,False
MZ712044,True,False
MZ726791,True,False
MZ726792,True,False
MZ726793,True,False
MZ726794,True,False
MZ726795,True,False
MZ726796,True,False
MZ726797,True,False
MZ727332,True,False
MZ727333,True,False
MZ727334,True,False
MZ747508,False,True
MZ747509,False,True
MZ747510,False,True
MZ747511,False,True
MZ747512,False,True
MZ747513,False,True
MZ747514,False,True
MZ747515,False,True
MZ747516,False,True
MZ747517,False,True
MZ747518,True,False
MZ747519,False,True
MZ747520,False,True
MZ747521,False,True
MZ747522,False,True
MZ751040,False,True
MZ753803,True,False
MZ773648,True,False
MZ773939,True,False
MZ779062,True,False
MZ779063,False,True
MZ803112,True,False
MZ818790,False,True
MZ820083,False,True
MZ820084,False,True
MZ820085,False,True
MZ820086,False,True
MZ820087,False,True
MZ820088,False,True
MZ820089,False,True
MZ820090,False,True
MZ820091,False,True
MZ820092,False,True
MZ820093,False,True
MZ820094,False,True
MZ820095,False,True
MZ826344,True,False
MZ826345,True,False
MZ826346,True,False
MZ826347,True,False
MZ826348,True,False
MZ826349,True,False
MZ826350,True,False
MZ826351,True,False
MZ826352,True,False
MZ826353,True,False
MZ826354,True,False
MZ826699,True,False
MZ826764,True,False
MZ832314,True,False
MZ833439,True,False
MZ836210,True,False
MZ851152,True,False
MZ856343,False,True
MZ868638,True,False
MZ868713,True,False
MZ868714,True,False
MZ868715,True,False
MZ868716,True,False
MZ868717,True,False
MZ868718,True,False
MZ868724,True,False
MZ868725,True,False
MZ868726,True,False
MZ870514,True,False
MZ890186,True,False
MZ892903,True,False
MZ892987,True,False
MZ892988,True,False
MZ892989,True,False
MZ892990,True,False
MZ892991,True,False
MZ892992,True,False
MZ892993,True,False
MZ911962,True,False
MZ923504,False,True
MZ923531,True,False
MZ926748,True,False
MZ927745,True,False
MZ927746,True,False
MZ936314,True,False
MZ936315,True,False
MZ936316,True,False
MZ955866,True,False
MZ955867,True,False
MZ955869,False,True
MZ955870,False,True
MZ958744,False,True
MZ958745,False,True
MZ958746,False,True
MZ958747,False,True
MZ958748,False,True
MZ958749,False,True
MZ958750,False,True
MZ967493,True,False
MZ969012,False,True
MZ969646,False,True
MZ983385,False,True
MZ995503,True,False
MZ995504,True,False
MZ995505,False,True
MZ995506,True,False
MZ997838,True,False
MZ997839,True,False
MZ997840,True,False
MZ997841,True,False
OK018136,True,False
OK018184,True,False
OK019720,True,False
OK040170,True,False
OK040171,True,False
OK040777,False,True
OK040778,False,True
OK040779,False,True
OK040780,False,True
OK040781,False,True
OK040782,False,True
OK040783,False,True
OK040784,False,True
OK040785,False,True
OK040786,False,True
OK040787,False,True
OK040788,False,True
OK040789,False,True
OK040790,False,True
OK040791,False,True
OK040792,False,True
OK040793,False,True
OK040794,False,True
OK040806,True,False
OK040807,True,False
OK040907,True,False
OK041467,True,False
OK041468,True,False
OK041469,True,False
OK042080,True,False
OK042081,True,False
OK073976,True,False
OK076929,True,False
OK085710,True,False
OK094519,True,False
OK094664,True,False
OK094665,True,False
OK094707,True,False
OK095358,True,False
OK108607,True,False
OK108608,True,False
OK108609,True,False
OK129343,True,False
OK138555,True,False
OK138556,True,False
OK143207,True,False
OK143508,True,False
OK148439,True,False
OK148440,True,False
OK148441,True,False
OK149171,True,False
OK149215,True,False
OK149216,True,False
OK169616,True,False
OK172329,True,False
OK173051,False,True
OK181169,True,False
OK210074,True,False
OK210075,True,False
OK210077,True,False
OK216879,False,True
OK247671,False,True
OK254197,True,False
OK254198,True,False
OK258138,True,False
OK258139,True,False
OK258140,True,False
OK268422,True,False
OK268423,True,False
OK268424,True,False
OK268425,True,False
OK268426,True,False
OK268427,True,False
OK272470,True,False
OK272471,True,False
OK272472,True,False
OK272473,True,False
OK272474,True,False
OK272476,True,False
OK272477,True,False
OK272478,True,False
OK272479,True,False
OK272480,True,False
OK272481,True,False
OK272482,True,False
OK272483,True,False
OK272484,True,False
OK272485,True,False
OK272486,True,False
OK272487,True,False
OK272488,True,False
OK272489,True,False
OK272490,True,False
OK274152,True,False
OK274245,True,False
OK275491,True,False
OK275492,True,False
OK275493,True,False
OK275494,True,False
OK275495,True,False
OK275722,True,False
OK283305,True,False
OK283306,True,False
OK283618,True,False
OK283619,True,False
OK288022,True,False
OK310502,False,True
OK310503,False,True
OK310504,False,True
OK310505,False,True
OK310506,False,True
OK310512,True,False
OK310513,True,False
OK310514,True,False
OK318957,False,True
OK318958,False,True
OK318959,False,True
OK318960,False,True
OK318961,False,True
OK318991,True,False
OK319016,True,False
OK322699,True,False
OK330455,True,False
OK330456,True,False
OK331996,True,False
OK335775,True,False
OK335783,True,False
OK338687,True,False
OK340817,True,False
OK340818,True,False
OK340819,True,False
OK340820,True,False
OK340821,True,False
OK340822,True,False
OK349506,True,False
OK349507,True,False
OK349510,False,True
OK357457,True,False
OK381870,True,False
OK412919,False,True
OK428535,True,False
OK428602,True,False
OK483199,True,False
OK483201,True,False
OK483342,True,False
OK490361,True,False
OK490394,True,False
OK490395,True,False
OK490396,True,False
OK490397,True,False
OK490398,True,False
OK490399,True,False
OK490400,True,False
OK490401,True,False
OK490402,True,False
OK490403,True,False
OK490404,True,False
OK490405,True,False
OK490406,True,False
OK490407,True,False
OK490408,True,False
OK490409,True,False
OK490410,True,False
OK490411,True,False
OK490412,True,False
OK490413,True,False
OK490414,True,False
OK490415,True,False
OK490416,True,False
OK490417,True,False
OK490418,True,False
OK490419,True,False
OK490420,True,False
OK490421,True,False
OK490422,True,False
OK490423,True,False
OK490424,True,False
OK490425,True,False
OK490426,True,False
OK490427,True,False
OK490428,True,False
OK490429,True,False
OK490430,True,False
OK490431,True,False
OK490432,True,False
OK490433,True,False
OK490434,True,False
OK490435,True,False
OK490436,True,False
OK490437,True,False
OK490438,True,False
OK490439,True,False
OK490440,True,False
OK490441,True,False
OK490442,True,False
OK490443,True,False
OK490444,True,False
OK490445,True,False
OK490446,True,False
OK490447,True,False
OK490448,True,False
OK490449,True,False
OK490450,True,False
OK490451,True,False
OK490452,True,False
OK490453,True,False
OK490454,True,False
OK490455,True,False
OK490456,True,False
OK490457,True,False
OK490458,True,False
OK490459,True,False
OK490460,True,False
OK490461,True,False
OK490462,True,False
OK490463,True,False
OK490464,True,False
OK490465,True,False
OK490466,True,False
OK490467,True,False
OK490468,True,False
OK490469,True,False
OK490470,True,False
OK490471,True,False
OK490472,True,False
OK490473,True,False
OK490474,True,False
OK490494,True,False
OK499971,True,False
OK499972,False,True
OK499973,True,False
OK499974,True,False
OK499975,True,False
OK499976,False,True
OK499977,False,True
OK499978,True,False
OK499979,False,True
OK499980,True,False
OK499981,True,False
OK499982,True,False
OK499983,False,True
OK499984,True,False
OK499985,True,False
OK499986,True,False
OK499987,False,True
OK499988,True,False
OK499989,True,False
OK499990,False,True
OK499991,False,True
OK499992,False,True
OK499993,True,False
OK499994,False,True
OK499995,True,False
OK499996,True,False
OK499997,True,False
OK499998,True,False
OK499999,False,True
OK500000,True,False
OK500001,False,True
OK500002,False,True
OK523998,True,False
OK523999,True,False
OK539620,True,False
OK539824,True,False
OK539825,True,False
OK539826,True,False
OK539832,True,False
OK539833,True,False
OK539913,True,False
OK546191,True,False
OK562429,True,False
OK562670,True,False
OK570184,True,False
OK570185,True,False
OK570186,True,False
OK570374,True,False
OK570375,True,False
OK574338,False,True
OK583892,True,False
OK583893,True,False
OK585158,True,False
OK585159,True,False
OK585160,True,False
OK624832,True,False
OK625527,True,False
OK625546,True,False
OK631811,True,False
OK631812,True,False
OK631813,True,False
OK632025,True,False
OK632026,True,False
OK638201,True,False
OK638202,True,False
OK638203,True,False
OK649958,True,False
OK655936,True,False
OK663600,True,False
OK665488,True,False
OK665835,True,False
OK665841,True,False
OK665842,True,False
OK896991,False,True
OK905446,True,False
OK913679,True,False
OK913680,True,False
OK999978,False,True
OK999979,False,True
OK999980,False,True
OK999981,False,True
OL310488,True,False
OL314400,True,False
OL343755,True,False
OL348188,True,False
OL362041,True,False
OL362268,True,False
OL362269,True,False
OL362270,True,False
OL362271,True,False
OL362272,True,False
OL362273,True,False
OL362274,True,False
OL362275,True,False
OL362276,True,False
OL362277,True,False
OL362278,True,False
OL362279,True,False
OL362280,False,True
OL362281,True,False
OL362282,True,False
OL362283,True,False
OL396571,True,False
OL409034,True,False
OL412002,True,False
OL416096,True,False
OL436139,True,False
OL436245,False,True
OL436246,False,True
OL441337,True,False
OL451225,True,False
OL451946,True,False
OL455886,False,True
OL455887,False,True
OL455888,False,True
OL455889,False,True
OL455890,False,True
OL455891,False,True
OL455892,False,True
OL455893,False,True
OL455894,False,True
OL455895,False,True
OL455896,False,True
OL455897,False,True
OL455898,False,True
OL455899,False,True
OL455900,False,True
OL473597,True,False
OL473897,True,False
OL474125,True,False
OL474141,True,False
OL502173,True,False
OL505078,True,False
OL505084,False,True
OL505085,False,True
OL512804,True,False
OL512807,True,False
OL519842,True,False
OL519843,True,False
OL519844,True,False
OL539438,True,False
OL539439,True,False
OL539440,True,False
OL539441,True,False
OL539442,True,False
OL539443,True,False
OL539444,True,False
OL539445,True,False
OL539446,True,False
OL539447,True,False
OL539448,True,False
OL539449,False,True
OL539450,True,False
OL539451,True,False
OL539452,True,False
OL539453,True,False
OL539454,True,False
OL539455,True,False
OL539456,True,False
OL539457,True,False
OL539458,True,False
OL539459,True,False
OL539460,True,False
OL539461,True,False
OL539462,True,False
OL539464,True,False
OL539465,True,False
OL539466,True,False
OL539467,True,False
OL539468,True,False
OL539469,True,False
OL539470,True,False
OL539471,True,False
OL539472,True,False
OL539727,True,False
OL539729,True,False
OL547738,False,True
OL549188,False,True
OL549189,False,True
OL549190,False,True
OL549191,False,True
OL549192,False,True
OL551674,True,False
OL580764,False,True
OL581611,True,False
OL581612,True,False
OL604152,True,False
OL606627,True,False
OL614104,True,False
OL615010,True,False
OL615011,True,False
OL615012,True,False
OL615013,True,False
OL622073,True,False
OL652658,True,False
OL656105,False,True
OL656106,True,False
OL656107,True,False
OL656108,True,False
OL656110,True,False
OL657226,True,False
OL657227,True,False
OL657228,True,False
OL658619,True,False
OL674249,True,False
OL674541,True,False
OL676770,True,False
OL689226,False,True
OL689227,False,True
OL689230,False,True
OL690335,False,True
OL691920,True,False
OL699877,True,False
OL702938,True,False
OL702939,True,False
OL739525,True,False
OL741057,False,True
OL741059,True,False
OL741431,True,False
OL741432,True,False
OL742559,False,True
OL742560,False,True
OL742561,False,True
OL742562,False,True
OL742563,False,True
OL743187,True,False
OL744111,False,True
OL744112,False,True
OL744209,True,False
OL744210,True,False
OL744211,True,False
OL744212,True,False
OL744213,True,False
OL744214,True,False
OL744215,True,False
OL744216,True,False
OL744217,True,False
OL744218,True,False
OL744219,True,False
OL744220,True,False
OL754588,True,False
OL754589,True,False
OL762410,True,False
OL763419,True,False
OL763420,True,False
OL770073,True,False
OL770074,True,False
OL770107,True,False
OL770108,True,False
OL770258,True,False
OL770259,True,False
OL770260,True,False
OL770261,True,False
OL770262,True,False
OL770263,True,False
OL770276,True,False
OL770278,True,False
OL770309,True,False
OL770310,True,False
OL770365,True,False
OL773676,True,False
OL773677,True,False
OL774570,True,False
OL774866,False,True
OL774867,False,True
OL774868,False,True
OL774869,False,True
OL774870,False,True
OL774871,False,True
OL774872,False,True
OL774873,False,True
OL774874,False,True
OL774875,False,True
OL774876,False,True
OL774877,False,True
OL778852,False,True
OL780484,True,False
OL791267,True,False
OL799250,False,True
OL799256,False,True
OL799257,False,True
OL799258,False,True
OL799259,False,True
OL799260,False,True
OL799327,True,False
OL799328,True,False
OL800603,True,False
OL800604,True,False
OL800605,True,False
OL800606,True,False
OL800706,True,False
OL802210,True,False
OL802211,True,False
OL825705,True,False
OL828290,True,False
OL828291,True,False
OL829977,False,True
OL829978,False,True
OL840290,False,True
OL840900,True,False
OL840901,True,False
OL849997,True,False
OL856099,True,False
OL856139,True,False
OL865411,True,False
OL870316,True,False
OL870317,True,False
OL870318,True,False
OL870319,True,False
OL870611,False,True
OL870612,False,True
OL906435,True,False
OL944021,True,False
OL944022,True,False
OL944023,True,False
OL944604,True,False
OL955261,True,False
OL956808,True,False
OL959999,True,False
OL960029,True,False
OL960030,True,False
OL960567,False,True
OL960568,False,True
OL960569,False,True
OL960570,False,True
OL960573,True,False
OL960574,True,False
OL960575,True,False
OL960576,True,False
OL960577,True,False
OL960578,True,False
OL960579,True,False
OL960580,True,False
OL960581,True,False
OL960582,True,False
OL963531,False,True
OL963532,False,True
OL963731,True,False
OL964058,False,True
OL964734,True,False
OL964735,True,False
OL964736,True,False
OL964737,True,False
OL964738,True,False
OL964739,True,False
OL964740,True,False
OL964741,True,False
OL964742,True,False
OL964743,True,False
OL964744,True,False
OL964745,True,False
OL964746,True,False
OL964747,True,False
OL964748,True,False
OL964749,True,False
OL964750,True,False
OL964751,True,False
OL964752,True,False
OL964753,True,False
OL964754,True,False
OL964755,True,False
OL964756,True,False
OL964948,True,False
OL976437,True,False
OL979478,True,False
OL979479,True,False
OL989991,True,False
OM022251,True,False
OM025231,True,False
OM030343,False,True
OM032871,True,False
OM033133,True,False
OM033134,True,False
OM033135,True,False
OM033136,True,False
OM046621,True,False
OM046622,True,False
OM046623,True,False
OM046624,True,False
OM046625,True,False
OM046626,True,False
OM046627,True,False
OM046628,True,False
OM046629,True,False
OM049504,True,False
OM055665,True,False
OM065837,True,False
OM065838,True,False
OM065839,True,False
OM065840,True,False
OM065841,True,False
OM065842,True,False
OM065843,True,False
OM095401,True,False
OM103621,True,False
OM105884,False,True
OM105885,False,True
OM105886,False,True
OM112209,False,True
OM112210,False,True
OM131411,True,False
OM135583,True,False
OM135608,True,False
OM135992,False,True
OM140653,True,False
OM140839,True,False
OM141125,True,False
OM158235,True,False
OM194188,True,False
OM194189,True,False
OM194190,True,False
OM203156,False,True
OM203157,False,True
OM203158,False,True
OM203159,False,True
OM203160,False,True
OM203161,False,True
OM203162,False,True
OM210019,True,False
OM223115,True,False
OM234791,True,False
OM234792,True,False
OM234793,True,False
OM236513,False,True
OM236514,False,True
OM236515,False,True
OM236516,False,True
OM240926,False,True
OM240927,False,True
OM240928,False,True
OM240929,False,True
OM249648,True,False
OM249958,False,True
OM256450,True,False
OM256482,True,False
OM258170,True,False
OM262540,True,False
OM262541,True,False
OM272052,True,False
OM282085,True,False
OM283127,True,False
OM284015,True,False
OM287554,True,False
OM291373,True,False
OM293948,False,True
OM293950,True,False
OM293951,True,False
OM293952,True,False
OM293953,True,False
OM293954,True,False
OM293955,True,False
OM293956,True,False
OM293957,True,False
OM293958,True,False
OM304382,True,False
OM304856,False,True
OM313460,True,False
OM313461,True,False
OM317910,True,False
OM319461,True,False
OM328157,True,False
OM334891,True,False
OM337876,True,False
OM337877,True,False
OM339528,True,False
OM339548,True,False
OM339718,True,False
OM350011,False,True
OM350012,False,True
OM350013,False,True
OM355495,True,False
OM362522,True,False
OM362897,True,False
OM367911,True,False
OM373202,True,False
OM373548,False,True
OM373549,False,True
OM373550,False,True
OM373551,False,True
OM373552,False,True
OM373553,False,True
OM373554,False,True
OM373555,False,True
OM373556,False,True
OM373557,False,True
OM373558,False,True
OM373559,False,True
OM373560,False,True
OM373561,False,True
OM386652,True,False
OM386653,True,False
OM386654,True,False
OM386655,True,False
OM386656,True,False
OM386657,True,False
OM386658,True,False
OM386659,True,False
OM386660,True,False
OM386661,True,False
OM386662,True,False
OM386663,True,False
OM386664,True,False
OM386665,True,False
OM386666,True,False
OM386667,True,False
OM401712,True,False
OM401713,True,False
OM401714,True,False
OM401812,True,False
OM416763,True,False
OM416764,True,False
OM416765,True,False
OM416766,True,False
OM416767,True,False
OM416768,True,False
OM416769,True,False
OM416770,True,False
OM416771,True,False
OM416772,True,False
OM416773,True,False
OM416774,True,False
OM416775,True,False
OM416776,True,False
OM416777,True,False
OM416778,True,False
OM416779,True,False
OM416780,True,False
OM418625,True,False
OM418626,True,False
OM418627,True,False
OM418631,True,False
OM421595,True,False
OM439662,False,True
OM439663,False,True
OM439664,False,True
OM439665,False,True
OM439666,False,True
OM439667,False,True
OM439668,False,True
OM439669,False,True
OM439670,False,True
OM439671,False,True
OM439672,False,True
OM439673,False,True
OM439674,False,True
OM439675,False,True
OM456492,True,False
OM457001,True,False
OM457002,True,False
OM471789,True,False
OM471864,True,False
OM475426,True,False
OM475427,True,False
OM475428,True,False
OM475429,True,False
OM475430,True,False
OM475431,True,False
OM475432,True,False
OM475433,True,False
OM475434,True,False
OM475435,True,False
OM486945,True,False
OM513679,True,False
OM513680,True,False
OM515228,True,False
OM519319,True,False
OM522317,True,False
OM541307,True,False
OM621814,True,False
OM621816,True,False
OM630219,True,False
OM630585,True,False
OM630586,True,False
OM630587,True,False
OM630588,True,False
OM630589,True,False
OM630590,True,False
OM632664,True,False
OM632665,True,False
OM632666,True,False
OM632667,True,False
OM632668,True,False
OM632669,True,False
OM632670,True,False
OM632671,True,False
OM632672,True,False
OM634653,False,True
OM634661,False,True
OM638088,True,False
OM638103,True,False
OM638104,False,True
OM638608,True,False
OM638609,True,False
OM638610,True,False
OM638611,True,False
OM654374,True,False
OM654375,True,False
OM654376,True,False
OM654377,True,False
OM654378,True,False
OM654379,False,True
OM654404,True,False
OM681334,True,False
OM681507,True,False
OM687507,False,True
OM687508,False,True
OM687509,False,True
OM687510,False,True
OM687511,True,False
OM687892,True,False
OM687893,True,False
OM688977,True,False
OM716000,False,True
OM716001,True,False
OM716005,True,False
OM718002,True,False
OM728296,False,True
OM728297,False,True
OM728298,False,True
OM728299,False,True
OM728300,False,True
OM728301,False,True
OM728302,False,True
OM728303,False,True
OM728304,False,True
OM732336,True,False
OM732337,True,False
OM735461,True,False
OM735686,True,False
OM735687,False,True
OM735688,True,False
OM735689,False,True
OM735690,True,False
OM743306,False,True
OM747534,True,False
OM782324,True,False
OM782452,True,False
OM782678,True,False
OM793623,False,True
OM799543,True,False
OM809160,True,False
OM810255,True,False
OM810291,True,False
OM810292,True,False
OM816834,True,False
OM816835,True,False
OM816836,True,False
OM816837,True,False
OM818327,False,True
OM818328,False,True
OM818329,False,True
OM818330,False,True
OM818331,False,True
OM835951,True,False
OM835952,True,False
OM835953,True,False
OM835954,True,False
OM837731,True,False
OM850391,False,True
OM850392,False,True
OM858838,True,False
OM864357,True,False
OM867525,True,False
OM867676,True,False
OM868075,True,False
OM868076,True,False
OM868077,True,False
OM868079,True,False
OM868080,True,False
OM868081,True,False
OM868082,True,False
OM870967,True,False
OM870968,True,False
OM870969,True,False
OM870970,True,False
OM892879,True,False
OM897575,True,False
OM908436,True,False
OM908766,True,False
OM912978,True,False
OM912979,True,False
OM913583,False,True
OM913584,False,True
OM913585,False,True
OM913586,False,True
OM913587,False,True
OM913597,True,False
OM913598,True,False
OM913599,True,False
OM913894,True,False
OM925528,True,False
OM937123,True,False
OM937766,True,False
OM938991,True,False
OM938992,True,False
OM953433,True,False
OM953790,True,False
OM960734,True,False
OM962992,True,False
OM962999,True,False
OM964875,True,False
OM966901,False,True
OM971648,True,False
OM971649,True,False
OM982619,True,False
OM982620,True,False
OM982621,True,False
OM982646,True,False
OM982647,True,False
OM982668,False,True
OM982669,False,True
OM982670,False,True
OM982671,False,True
OM982672,False,True
OM982673,False,True
OM982674,False,True
ON000910,True,False
ON001686,True,False
ON004963,True,False
ON005621,True,False
ON014753,True,False
ON014754,True,False
ON014755,True,False
ON014756,False,True
ON014757,True,False
ON015836,True,False
ON018986,True,False
ON032529,True,False
ON036882,True,False
ON036883,True,False
ON041214,True,False
ON042477,True,False
ON042478,True,False
ON042750,False,True
ON045001,True,False
ON045087,False,True
ON062054,True,False
ON067806,True,False
ON073792,True,False
ON075462,True,False
ON075799,True,False
ON080940,True,False
ON080941,True,False
ON081052,True,False
ON081328,False,True
ON081329,False,True
ON081330,False,True
ON081331,False,True
ON081332,False,True
ON081333,False,True
ON081334,False,True
ON081335,False,True
ON081336,False,True
ON086804,True,False
ON086985,False,True
ON087563,True,False
ON107243,True,False
ON107264,False,True
ON108640,False,True
ON108641,False,True
ON108642,False,True
ON108643,False,True
ON108644,False,True
ON108645,False,True
ON108646,False,True
ON108647,False,True
ON108648,False,True
ON108649,False,True
ON108650,False,True
ON108651,False,True
ON109291,True,False
ON113167,False,True
ON113168,False,True
ON113169,False,True
ON113170,False,True
ON113171,False,True
ON113172,False,True
ON113173,False,True
ON113174,False,True
ON113175,False,True
ON113176,False,True
ON113177,False,True
ON113178,False,True
ON113179,False,True
ON113180,False,True
ON113181,False,True
ON113334,False,True
ON113344,False,True
ON113345,False,True
ON117106,False,True
ON117153,False,True
ON125307,False,True
ON132389,True,False
ON133270,False,True
ON135435,True,False
ON146294,True,False
ON146439,True,False
ON146440,True,False
ON146449,True,False
ON148527,True,False
ON148528,True,False
ON148529,True,False
ON153212,False,True
ON156559,True,False
ON157416,True,False
ON165415,True,False
ON165687,True,False
ON167532,True,False
ON169961,True,False
ON169962,True,False
ON169963,True,False
ON169972,True,False
ON170017,True,False
ON170019,True,False
ON170020,True,False
ON170022,True,False
ON170023,True,False
ON170024,True,False
ON170025,True,False
ON170026,True,False
ON170027,True,False
ON170028,True,False
ON170029,True,False
ON170030,True,False
ON170031,True,False
ON170032,True,False
ON170033,True,False
ON170034,True,False
ON170036,True,False
ON170037,True,False
ON170038,True,False
ON170040,True,False
ON170041,True,False
ON170042,True,False
ON170044,True,False
ON170045,True,False
ON170047,True,False
ON170048,True,False
ON170049,True,False
ON170050,True,False
ON170051,True,False
ON170052,True,False
ON170053,True,False
ON170054,True,False
ON170055,True,False
ON170056,True,False
ON170057,True,False
ON170058,True,False
ON170059,True,False
ON170060,True,False
ON170061,True,False
ON170062,True,False
ON170063,True,False
ON170065,True,False
ON170066,True,False
ON170067,True,False
ON170068,True,False
ON170069,True,False
ON170070,True,False
ON170071,True,False
ON170072,True,False
ON170073,True,False
ON170074,True,False
ON170075,True,False
ON170076,True,False
ON170077,True,False
ON170078,True,False
ON170079,True,False
ON170080,True,False
ON170081,True,False
ON170082,True,False
ON170084,True,False
ON170085,True,False
ON170086,True,False
ON170087,True,False
ON170088,True,False
ON170089,True,False
ON170090,True,False
ON170091,True,False
ON170092,True,False
ON170093,True,False
ON170094,True,False
ON170095,True,False
ON170096,True,False
ON170097,True,False
ON170098,True,False
ON170100,True,False
ON170101,True,False
ON170102,True,False
ON170103,True,False
ON170104,True,False
ON170105,True,False
ON170106,True,False
ON170107,True,False
ON170108,True,False
ON170109,True,False
ON170110,True,False
ON170111,True,False
ON170112,True,False
ON170113,True,False
ON170114,True,False
ON170115,True,False
ON170116,True,False
ON170117,True,False
ON170118,True,False
ON170119,True,False
ON170120,True,False
ON170121,True,False
ON170122,True,False
ON170124,True,False
ON170125,True,False
ON170126,True,False
ON170127,True,False
ON170128,True,False
ON170129,True,False
ON170130,True,False
ON170131,True,False
ON170133,True,False
ON170134,True,False
ON170135,True,False
ON170136,True,False
ON170138,True,False
ON170139,True,False
ON170142,True,False
ON170143,True,False
ON170144,True,False
ON170145,True,False
ON170146,True,False
ON170147,True,False
ON170148,True,False
ON170149,True,False
ON170150,True,False
ON170151,True,False
ON170152,True,False
ON170153,True,False
ON170154,True,False
ON170155,True,False
ON170156,True,False
ON170157,True,False
ON170158,True,False
ON170159,True,False
ON170160,True,False
ON170161,True,False
ON170162,True,False
ON170163,True,False
ON170164,True,False
ON170165,True,False
ON170166,True,False
ON170167,True,False
ON170168,True,False
ON170169,True,False
ON170170,True,False
ON170171,True,False
ON170172,True,False
ON170173,True,False
ON170174,True,False
ON170175,True,False
ON170176,True,False
ON170177,True,False
ON170178,True,False
ON170179,True,False
ON170180,True,False
ON170181,True,False
ON170182,True,False
ON170183,True,False
ON170184,True,False
ON170185,True,False
ON170186,True,False
ON170187,True,False
ON170188,True,False
ON170189,True,False
ON170190,True,False
ON170191,True,False
ON170192,True,False
ON170193,True,False
ON170194,True,False
ON170195,True,False
ON170196,True,False
ON170197,True,False
ON170198,True,False
ON170199,True,False
ON170200,True,False
ON170201,True,False
ON170202,True,False
ON170203,True,False
ON170204,True,False
ON170205,True,False
ON170206,True,False
ON170207,True,False
ON170208,True,False
ON170209,True,False
ON170210,True,False
ON170211,True,False
ON170212,True,False
ON170213,True,False
ON170214,True,False
ON170215,True,False
ON170216,True,False
ON170217,True,False
ON170218,True,False
ON170219,True,False
ON170220,True,False
ON170221,True,False
ON170222,True,False
ON170223,True,False
ON170225,True,False
ON170226,True,False
ON170227,True,False
ON170228,True,False
ON170229,True,False
ON170230,True,False
ON170231,True,False
ON170232,True,False
ON170233,True,False
ON170234,True,False
ON170235,True,False
ON170236,True,False
ON170237,True,False
ON170238,True,False
ON170239,True,False
ON170240,True,False
ON170241,True,False
ON170242,True,False
ON170243,True,False
ON170244,True,False
ON170245,True,False
ON170246,True,False
ON170247,True,False
ON170248,True,False
ON170249,True,False
ON170250,True,False
ON170251,True,False
ON170252,True,False
ON170253,True,False
ON170254,True,False
ON170255,True,False
ON170256,True,False
ON170257,True,False
ON170258,True,False
ON170259,True,False
ON170261,True,False
ON170262,True,False
ON170263,True,False
ON170264,True,False
ON170265,True,False
ON170266,True,False
ON170267,True,False
ON170268,True,False
ON170270,True,False
ON170271,True,False
ON170272,True,False
ON170274,True,False
ON170275,True,False
ON170276,True,False
ON170277,True,False
ON170278,True,False
ON170279,True,False
ON170280,True,False
ON170281,True,False
ON170282,True,False
ON170283,True,False
ON170284,True,False
ON170285,True,False
ON170286,True,False
ON170287,True,False
ON170289,True,False
ON170290,True,False
ON170291,True,False
ON170292,True,False
ON170293,True,False
ON170294,True,False
ON170295,True,False
ON170296,True,False
ON170297,True,False
ON170298,True,False
ON170299,True,False
ON170300,True,False
ON170301,True,False
ON170302,True,False
ON170303,True,False
ON170304,True,False
ON170305,True,False
ON170306,True,False
ON170307,True,False
ON170308,True,False
ON170310,True,False
ON170311,True,False
ON170312,True,False
ON170313,True,False
ON170314,True,False
ON170315,True,False
ON170316,True,False
ON170317,True,False
ON170318,True,False
ON170320,True,False
ON170321,True,False
ON170322,True,False
ON170323,True,False
ON170324,True,False
ON170325,True,False
ON170326,True,False
ON170327,True,False
ON170328,True,False
ON170329,True,False
ON170330,True,False
ON170331,True,False
ON170332,True,False
ON170333,True,False
ON170334,True,False
ON170335,True,False
ON170336,True,False
ON170337,True,False
ON170338,True,False
ON170339,True,False
ON170340,True,False
ON170341,True,False
ON170342,True,False
ON170343,True,False
ON170344,True,False
ON170345,True,False
ON170347,True,False
ON170348,True,False
ON170351,True,False
ON170352,True,False
ON170353,True,False
ON170354,True,False
ON170355,True,False
ON170356,True,False
ON170357,True,False
ON170358,True,False
ON170359,True,False
ON170360,True,False
ON184124,True,False
ON184125,True,False
ON184126,True,False
ON185580,True,False
ON185581,True,False
ON185582,True,False
ON185583,True,False
ON185584,True,False
ON185585,True,False
ON185586,True,False
ON185587,True,False
ON185588,True,False
ON185589,True,False
ON189042,True,False
ON189043,True,False
ON189044,True,False
ON189045,True,False
ON189046,True,False
ON189047,True,False
ON189048,True,False
ON190024,True,False
ON190025,True,False
ON191531,False,True
ON191532,False,True
ON202820,True,False
ON208829,False,True
ON208830,False,True
ON208831,False,True
ON208832,False,True
ON208833,False,True
ON210136,True,False
ON210137,True,False
ON210138,True,False
ON210139,True,False
ON210142,True,False
ON210144,True,False
ON210145,True,False
ON210834,False,True
ON210835,False,True
ON212265,True,False
ON212266,True,False
ON212267,True,False
ON229909,True,False
ON237674,True,False
ON239128,True,False
ON239131,True,False
ON239132,True,False
ON260812,False,True
ON260813,False,True
ON260814,False,True
ON260815,False,True
ON260816,False,True
ON260817,False,True
ON260818,False,True
ON260819,False,True
ON260820,False,True
ON260821,False,True
ON260822,False,True
ON260823,False,True
ON260824,False,True
ON260825,False,True
ON260826,False,True
ON260827,False,True
ON260828,False,True
ON260829,False,True
ON260830,False,True
ON286972,True,False
ON286973,True,False
ON286974,True,False
ON286975,True,False
ON286976,False,True
ON287368,True,False
ON287369,True,False
ON287370,True,False
ON287371,True,False
ON287372,True,False
ON287373,True,False
ON287374,True,False
ON287375,True,False
ON287376,True,False
ON287377,True,False
ON287378,True,False
ON323462,True,False
ON323491,True,False
ON324181,True,False
ON325435,False,True
ON331942,True,False
ON337194,False,True
ON337195,False,True
ON337196,False,True
ON352054,False,True
ON361134,True,False
ON361135,True,False
ON365567,True,False
ON366409,True,False
ON366410,False,True
ON366411,False,True
ON366412,False,True
ON375838,True,False
ON375839,True,False
ON375840,True,False
ON375847,True,False
ON376263,True,False
ON381767,False,True
ON381768,True,False
ON391668,True,False
ON391949,True,False
ON392159,False,True
ON392160,False,True
ON392161,False,True
ON392162,False,True
ON392163,False,True
ON392164,False,True
ON392165,False,True
ON392166,False,True
ON392167,False,True
ON399185,True,False
ON409568,True,False
ON409569,True,False
ON409570,True,False
ON416862,True,False
ON453893,False,True
ON453894,True,False
ON453895,True,False
ON453896,True,False
ON453897,True,False
ON453898,False,True
ON453899,False,True
ON453900,False,True
ON453901,False,True
ON453902,False,True
ON453903,False,True
ON453904,False,True
ON453905,False,True
ON454038,True,False
ON454249,True,False
ON456151,False,True
ON456330,False,True
ON456331,False,True
ON456332,False,True
ON456333,False,True
ON456334,False,True
ON456335,False,True
ON456336,False,True
ON456337,False,True
ON456338,False,True
ON456339,False,True
ON456340,False,True
ON456341,False,True
ON456342,False,True
ON456343,False,True
ON456344,False,True
ON456345,False,True
ON456346,False,True
ON456347,False,True
ON456348,False,True
ON456349,False,True
ON456350,False,True
ON456351,False,True
ON456352,False,True
ON456353,False,True
ON456354,False,True
ON456355,False,True
ON456356,False,True
ON457554,True,False
ON457555,True,False
ON457556,True,False
ON457557,True,False
ON457558,True,False
ON457559,True,False
ON461912,True,False
ON464735,True,False
ON464736,True,False
ON464759,True,False
ON464760,True,False
ON464761,True,False
ON464762,True,False
ON464763,True,False
ON464764,True,False
ON470579,True,False
ON470580,True,False
ON470581,True,False
ON470582,True,False
ON470583,True,False
ON470584,True,False
ON470585,True,False
ON470586,True,False
ON470587,True,False
ON470588,True,False
ON470589,True,False
ON470590,True,False
ON470591,True,False
ON470592,True,False
ON470593,True,False
ON470594,True,False
ON470595,True,False
ON470596,True,False
ON470597,True,False
ON470598,True,False
ON470599,True,False
ON470600,True,False
ON470601,True,False
ON470602,True,False
ON470603,True,False
ON470604,True,False
ON470605,True,False
ON470606,True,False
ON470607,True,False
ON470608,True,False
ON470609,True,False
ON470610,True,False
ON470611,True,False
ON470612,True,False
ON470613,True,False
ON470614,True,False
ON470615,True,False
ON470616,True,False
ON470617,True,False
ON470619,True,False
ON470620,True,False
ON470621,True,False
ON470622,True,False
ON470623,True,False
ON470624,True,False
ON470625,True,False
ON470626,True,False
ON470627,True,False
ON480525,True,False
ON489264,True,False
ON493777,False,True
ON506924,True,False
ON506926,False,True
ON506927,False,True
ON506928,False,True
ON513429,True,False
ON513432,False,True
ON515458,True,False
ON524861,True,False
ON524862,True,False
ON524863,True,False
ON524864,True,False
ON524865,True,False
ON524866,True,False
ON524867,True,False
ON524868,True,False
ON524869,True,False
ON524870,True,False
ON526838,True,False
ON526839,True,False
ON526840,True,False
ON526969,False,True
ON526970,False,True
ON526971,False,True
ON526972,False,True
ON526973,False,True
ON526974,False,True
ON526975,False,True
ON526976,False,True
ON526977,False,True
ON526978,False,True
ON526979,False,True
ON526980,False,True
ON526981,False,True
ON526982,False,True
ON526983,False,True
ON526984,False,True
ON526985,False,True
ON528715,True,False
ON528716,True,False
ON528717,True,False
ON528718,True,False
ON528719,True,False
ON528720,True,False
ON528721,True,False
ON528722,True,False
ON528723,True,False
ON528724,True,False
ON528725,True,False
ON528726,True,False
ON528727,True,False
ON528728,True,False
ON528729,True,False
ON528730,True,False
ON528731,True,False
ON528732,True,False
ON528733,True,False
ON528734,True,False
ON528735,True,False
ON528736,True,False
ON528737,True,False
ON528738,True,False
ON528739,True,False
ON528740,True,False
ON528741,True,False
ON528742,True,False
ON528743,True,False
ON528744,True,False
ON528745,True,False
ON528746,True,False
ON528933,False,True
ON528935,False,True
ON529291,True,False
ON529532,True,False
ON529533,True,False
ON529850,True,False
ON529851,True,False
ON529852,True,False
ON529853,True,False
ON529854,True,False
ON529855,True,False
ON529856,True,False
ON529857,True,False
ON529858,True,False
ON529859,True,False
ON529860,True,False
ON529861,True,False
ON529862,True,False
ON529863,True,False
ON529864,True,False
ON529865,True,False
ON529866,True,False
ON529867,True,False
ON529868,True,False
ON531987,True,False
ON531988,True,False
ON540300,True,False
ON540301,True,False
ON548417,False,True
ON548418,False,True
ON548419,False,True
ON548420,False,True
ON548421,False,True
ON548431,True,False
ON548432,True,False
ON548433,True,False
ON550260,True,False
ON550478,False,True
ON551388,False,True
ON556632,True,False
ON557706,False,True
ON568193,True,False
ON568341,True,False
ON571554,True,False
ON571632,False,True
ON585039,True,False
ON602723,True,False
ON602724,True,False
ON602725,True,False
ON602726,True,False
ON602727,True,False
ON602728,True,False
ON602729,True,False
ON602730,True,False
ON602731,True,False
ON602732,True,False
ON602733,True,False
ON602734,True,False
ON602735,True,False
ON602736,True,False
ON602737,True,False
ON602738,True,False
ON602739,True,False
ON602740,True,False
ON602741,True,False
ON602742,True,False
ON602743,True,False
ON602744,True,False
ON602745,True,False
ON602746,True,False
ON602747,True,False
ON602748,True,False
ON602749,True,False
ON602750,True,False
ON602751,True,False
ON602752,True,False
ON602753,True,False
ON602754,True,False
ON602755,True,False
ON602756,True,False
ON602757,True,False
ON602758,True,False
ON602759,True,False
ON602760,True,False
ON602761,True,False
ON602762,True,False
ON602763,True,False
ON602764,True,False
ON602765,True,False
ON602766,True,False
ON602767,True,False
ON604651,True,False
ON615601,True,False
ON623732,True,False
ON624112,True,False
ON630910,True,False
ON631220,True,False
ON637170,True,False
ON637248,False,True
ON637250,True,False
ON637251,True,False
ON637759,False,True
ON637760,False,True
ON637761,False,True
ON637762,False,True
ON637763,False,True
ON637764,False,True
ON637765,False,True
ON637766,False,True
ON637767,False,True
ON637768,False,True
ON637769,False,True
ON637770,False,True
ON637771,False,True
ON637772,False,True
ON642070,True,False
ON645337,False,True
ON645338,False,True
ON645339,False,True
ON645340,False,True
ON645341,False,True
ON645342,False,True
ON645343,False,True
ON645344,False,True
ON645345,False,True
ON645346,False,True
ON645936,True,False
ON653033,True,False
ON653035,True,False
ON677304,False,True
ON677538,True,False
ON687735,False,True
ON687736,False,True
ON699007,False,True
ON706965,True,False
ON711395,True,False
ON711490,True,False
ON712643,True,False
ON714422,True,False
ON715521,True,False
ON720975,True,False
ON720976,True,False
ON720977,True,False
ON721384,True,False
ON721385,True,False
ON724008,False,True
ON724009,False,True
ON724010,False,True
ON724011,False,True
ON724012,False,True
ON724013,False,True
ON724014,False,True
ON724015,False,True
ON724016,False,True
ON724017,False,True
ON724018,False,True
ON741189,False,True
ON754979,True,False
ON755175,True,False
ON755176,True,False
ON755180,False,True
ON755181,False,True
ON755182,False,True
ON755183,False,True
ON755184,False,True
ON755185,False,True
ON755186,False,True
ON755187,False,True
ON755188,False,True
ON755189,False,True
ON758385,True,False
ON759209,False,True
ON759210,False,True
ON759747,True,False
ON778006,True,False
ON778007,True,False
ON778463,True,False
ON782130,True,False
ON782582,True,False
ON809559,True,False
ON809560,True,False
ON809756,True,False
ON809761,True,False
ON809762,True,False
ON809763,True,False
ON809764,True,False
ON809765,True,False
ON814134,False,True
ON814135,False,True
ON814136,False,True
ON815901,True,False
ON815902,True,False
ON815903,True,False
ON843697,True,False
ON853583,True,False
ON854455,False,True
ON856257,False,True
ON856258,False,True
ON857925,True,False
ON857926,True,False
ON857927,True,False
ON857928,True,False
ON857929,True,False
ON857930,True,False
ON857931,True,False
ON857932,True,False
ON857933,True,False
ON857934,True,False
ON857935,True,False
ON857936,True,False
ON857937,True,False
ON857938,True,False
ON857939,True,False
ON857940,True,False
ON857941,True,False
ON857942,True,False
ON857943,True,False
ON862890,True,False
ON864052,True,False
ON866946,False,True
ON868915,True,False
ON872163,True,False
ON872379,True,False
ON880501,True,False
ON881243,False,True
ON881905,True,False
ON886116,True,False
ON897768,True,False
ON911538,True,False
ON911539,True,False
ON911540,True,False
ON911714,False,True
ON911715,False,True
ON911716,False,True
ON911717,False,True
ON911718,False,True
ON920540,False,True
ON922917,True,False
ON922918,True,False
ON922919,True,False
ON922920,True,False
ON922990,True,False
ON932078,True,False
ON932079,True,False
ON932080,True,False
ON932081,True,False
ON932082,True,False
ON932083,True,False
ON932084,True,False
ON932085,True,False
ON933637,True,False
ON950054,True,False
ON950090,True,False
ON960072,True,False
ON968452,True,False
ON968453,False,True
ON968454,True,False
ON968455,True,False
ON968456,True,False
ON970561,False,True
ON970562,False,True
ON970563,False,True
ON970564,False,True
ON970565,False,True
ON970566,False,True
ON970567,False,True
ON970568,False,True
ON970569,False,True
ON970570,False,True
ON970571,False,True
ON970572,False,True
ON970573,False,True
ON970574,False,True
ON970575,False,True
ON970576,False,True
ON970577,False,True
ON970578,False,True
ON970579,False,True
ON970580,False,True
ON970581,False,True
ON970582,False,True
ON970583,False,True
ON970584,False,True
ON970585,False,True
ON970586,False,True
ON970587,False,True
ON970588,False,True
ON970589,False,True
ON970590,False,True
ON970591,False,True
ON970592,False,True
ON970593,False,True
ON970594,False,True
ON970595,False,True
ON970596,False,True
ON970597,False,True
ON970598,False,True
ON970599,False,True
ON970600,False,True
ON970601,False,True
ON970602,False,True
ON970603,False,True
ON970604,False,True
ON970605,False,True
ON970606,False,True
ON970607,False,True
ON970608,False,True
ON970609,False,True
ON970610,False,True
ON970611,False,True
ON970612,False,True
ON970613,False,True
ON970614,False,True
ON970615,False,True
ON970616,False,True
ON970617,False,True
ON970618,False,True
ON970619,False,True
ON970620,False,True
ON970621,False,True
ON970622,False,True
ON970623,False,True
ON970624,False,True
ON970625,False,True
ON970626,False,True
ON970627,False,True
ON975036,False,True
ON981384,True,False
ON989481,False,True
ON995367,True,False
ON996339,True,False
ON996340,True,False
OP009265,True,False
OP009266,True,False
OP009267,True,False
OP009268,True,False
OP009269,True,False
OP009270,True,False
OP009271,True,False
OP009272,True,False
OP009273,True,False
OP009274,True,False
OP009275,True,False
OP009276,True,False
OP009277,True,False
OP009278,True,False
OP009279,True,False
OP009280,True,False
OP009281,True,False
OP009282,True,False
OP009283,True,False
OP009284,True,False
OP009285,True,False
OP009286,True,False
OP009287,True,False
OP009288,True,False
OP012469,True,False
OP013026,True,False
OP018674,False,True
OP018999,True,False
OP019135,True,False
OP021677,False,True
OP021678,False,True
OP021679,False,True
OP021680,False,True
OP021681,False,True
OP021682,False,True
OP021683,False,True
OP021684,False,True
OP022426,False,True
OP028995,True,False
OP038318,False,True
OP038319,False,True
OP038320,False,True
OP038547,True,False
OP039102,False,True
OP045496,True,False
OP045497,True,False
OP045498,True,False
OP046317,True,False
OP053360,True,False
OP053361,True,False
OP053362,True,False
OP056089,True,False
OP056300,True,False
OP066531,False,True
OP067662,True,False
OP068330,False,True
OP068331,False,True
OP068332,False,True
OP068333,False,True
OP068334,False,True
OP068335,False,True
OP068336,False,True
OP068337,False,True
OP068338,False,True
OP068339,False,True
OP068340,False,True
OP068341,False,True
OP068342,False,True
OP068343,False,True
OP068344,False,True
OP079918,True,False
OP079919,True,False
OP087422,True,False
OP087423,True,False
OP087522,True,False
OP094641,True,False
OP103917,True,False
OP103918,True,False
OP103919,True,False
OP103920,True,False
OP103921,True,False
OP103922,True,False
OP103923,True,False
OP114730,True,False
OP114731,True,False
OP114732,True,False
OP114733,True,False
OP114734,True,False
OP117450,True,False
OP120783,True,False
OP121182,True,False
OP123707,True,False
OP125534,True,False
OP125547,True,False
OP131293,True,False
OP131294,True,False
OP131295,True,False
OP131296,True,False
OP131297,True,False
OP131299,True,False
OP131300,True,False
OP131301,True,False
OP131302,True,False
OP131587,True,False
OP131588,True,False
OP131589,True,False
OP131590,True,False
OP132241,True,False
OP136131,False,True
OP136132,False,True
OP136133,False,True
OP136134,False,True
OP136135,False,True
OP136151,True,False
OP137232,True,False
OP142323,False,True
OP168678,False,True
OP168898,True,False
OP171942,True,False
OP171943,True,False
OP172633,False,True
OP172634,True,False
OP172635,False,True
OP172636,False,True
OP172637,False,True
OP172638,False,True
OP172639,False,True
OP172640,True,False
OP172641,False,True
OP172642,False,True
OP172643,True,False
OP172644,True,False
OP172645,True,False
OP172646,True,False
OP172647,True,False
OP172648,True,False
OP172649,True,False
OP172650,True,False
OP172651,True,False
OP172652,True,False
OP172653,True,False
OP172654,True,False
OP172655,True,False
OP172656,True,False
OP172658,False,True
OP172659,False,True
OP172660,False,True
OP172661,True,False
OP172662,True,False
OP172663,True,False
OP172664,True,False
OP172665,True,False
OP172666,True,False
OP172667,True,False
OP172668,True,False
OP172669,True,False
OP172670,True,False
OP172671,True,False
OP172672,True,False
OP172673,True,False
OP172674,True,False
OP172675,True,False
OP172676,True,False
OP172677,True,False
OP172678,True,False
OP172679,True,False
OP172680,True,False
OP172681,True,False
OP172682,True,False
OP172683,True,False
OP172684,True,False
OP172685,True,False
OP172686,True,False
OP172687,True,False
OP172688,True,False
OP172689,True,False
OP172690,True,False
OP172691,True,False
OP172692,True,False
OP172693,True,False
OP172694,True,False
OP172695,True,False
OP172696,True,False
OP172697,True,False
OP172698,True,False
OP172699,True,False
OP172700,False,True
OP172701,False,True
OP172702,False,True
OP172703,False,True
OP172704,False,True
OP172705,False,True
OP172706,True,False
OP172707,True,False
OP172708,True,False
OP172709,True,False
OP172710,True,False
OP172711,True,False
OP172712,True,False
OP172713,True,False
OP172714,True,False
OP172715,True,False
OP172716,True,False
OP172717,True,False
OP172718,True,False
OP172719,True,False
OP172720,True,False
OP172721,True,False
OP172722,True,False
OP172723,True,False
OP172724,True,False
OP172725,True,False
OP172726,True,False
OP172727,True,False
OP172728,True,False
OP172729,True,False
OP172730,True,False
OP172731,True,False
OP172732,True,False
OP172733,True,False
OP172734,True,False
OP172735,True,False
OP172736,True,False
OP172737,True,False
OP172738,True,False
OP172739,True,False
OP172740,True,False
OP172741,True,False
OP172742,True,False
OP172743,True,False
OP172744,True,False
OP172745,True,False
OP172746,True,False
OP172747,True,False
OP172748,True,False
OP172749,True,False
OP172750,True,False
OP172751,True,False
OP172752,False,True
OP172753,False,True
OP172754,False,True
OP172755,False,True
OP172756,False,True
OP172757,False,True
OP172758,False,True
OP172759,False,True
OP172760,False,True
OP172761,False,True
OP172762,False,True
OP172763,False,True
OP172764,False,True
OP172765,False,True
OP172766,False,True
OP172767,False,True
OP172768,False,True
OP172769,False,True
OP172770,False,True
OP172771,False,True
OP172772,False,True
OP172773,False,True
OP172774,False,True
OP172775,False,True
OP172776,False,True
OP172777,False,True
OP172778,False,True
OP172779,False,True
OP172780,False,True
OP172781,False,True
OP172782,False,True
OP172783,False,True
OP172784,True,False
OP172785,True,False
OP172786,True,False
OP172787,True,False
OP172788,True,False
OP172789,True,False
OP172790,True,False
OP172791,True,False
OP172792,True,False
OP172793,False,True
OP172794,False,True
OP172795,False,True
OP172796,True,False
OP172797,False,True
OP172798,False,True
OP172799,False,True
OP172800,False,True
OP172801,False,True
OP172802,False,True
OP172803,False,True
OP172804,False,True
OP172805,False,True
OP172806,False,True
OP172807,False,True
OP172808,False,True
OP172809,True,False
OP172810,True,False
OP172811,False,True
OP172812,False,True
OP172813,False,True
OP172814,True,False
OP172815,True,False
OP172816,True,False
OP172817,True,False
OP172818,True,False
OP172819,True,False
OP172820,True,False
OP172821,True,False
OP172822,True,False
OP172823,True,False
OP172824,True,False
OP172825,True,False
OP172826,True,False
OP172827,True,False
OP172828,True,False
OP172829,True,False
OP172830,True,False
OP172831,True,False
OP172832,True,False
OP172833,True,False
OP172834,True,False
OP172835,True,False
OP172836,False,True
OP172837,False,True
OP172838,False,True
OP172839,False,True
OP172840,False,True
OP172841,False,True
OP172867,False,True
OP172868,False,True
OP172869,False,True
OP172870,False,True
OP172871,False,True
OP172872,False,True
OP172873,False,True
OP172874,False,True
OP172875,False,True
OP172876,False,True
OP172877,False,True
OP172878,False,True
OP177727,True,False
OP185507,True,False
OP185508,True,False
OP186293,True,False
OP197928,True,False
OP235318,False,True
OP251154,True,False
OP254195,False,True
OP256047,True,False
OP256049,False,True
OP263967,False,True
OP263968,False,True
OP263969,False,True
OP265889,True,False
OP267563,True,False
OP272490,True,False
OP272491,True,False
OP272492,True,False
OP272493,True,False
OP279344,True,False
OP291336,True,False
OP292222,True,False
OP292288,True,False
OP292654,True,False
OP292673,True,False
OP292674,True,False
OP293079,True,False
OP293233,True,False
OP294982,False,True
OP296522,True,False
OP296941,True,False
OP297178,False,True
OP297179,False,True
OP297528,False,True
OP297529,False,True
OP297530,False,True
OP297531,False,True
OP297532,False,True
OP297533,False,True
OP297534,False,True
OP297535,False,True
OP297536,False,True
OP297537,False,True
OP297538,False,True
OP297539,False,True
OP297540,False,True
OP297541,False,True
OP297542,False,True
OP297543,False,True
OP297544,False,True
OP297545,False,True
OP297546,False,True
OP297547,False,True
OP297548,False,True
OP297549,False,True
OP297550,False,True
OP297551,False,True
OP297552,False,True
OP297553,False,True
OP297622,True,False
OP310970,True,False
OP310971,True,False
OP310972,True,False
OP310973,True,False
OP310974,True,False
OP310975,True,False
OP310976,True,False
OP310977,True,False
OP310978,True,False
OP310979,True,False
OP310980,True,False
OP310981,True,False
OP310982,True,False
OP310983,True,False
OP310984,True,False
OP312987,True,False
OP313111,True,False
OP313112,True,False
OP314870,True,False
OP314871,True,False
OP314872,True,False
OP323059,False,True
OP323071,False,True
OP323072,False,True
OP323073,False,True
OP323074,False,True
OP323075,False,True
OP323076,False,True
OP323077,False,True
OP328420,False,True
OP328421,False,True
OP328422,False,True
OP328423,False,True
OP329100,True,False
OP331213,True,False
OP331229,True,False
OP331230,True,False
OP341623,False,True
OP341624,False,True
OP341625,False,True
OP341626,False,True
OP341627,False,True
OP341628,False,True
OP341629,False,True
OP341630,False,True
OP342787,True,False
OP352608,True,False
OP361299,True,False
OP373729,True,False
OP374154,False,True
OP374155,False,True
OP374156,False,True
OP375635,True,False
OP377721,True,False
OP380269,True,False
OP380492,False,True
OP380511,True,False
OP380594,True,False
OP380595,True,False
OP380596,True,False
OP380597,True,False
OP380598,True,False
OP380599,True,False
OP380600,True,False
OP380601,True,False
OP380602,True,False
OP380603,True,False
OP380604,True,False
OP380605,True,False
OP380606,True,False
OP380607,True,False
OP381185,True,False
OP381444,False,True
OP389270,True,False
OP394141,True,False
OP413827,True,False
OP413828,True,False
OP413829,True,False
OP413830,True,False
OP413831,True,False
OP413832,True,False
OP422637,True,False
OP423032,True,False
OP429095,False,True
OP433453,True,False
OP433492,False,True
OP434439,False,True
OP434440,False,True
OP434441,False,True
OP434442,False,True
OP434443,False,True
OP434444,False,True
OP434445,False,True
OP434446,False,True
OP434447,False,True
OP434448,False,True
OP434449,False,True
OP434450,False,True
OP434451,False,True
OP434452,False,True
OP434453,False,True
OP434454,False,True
OP434455,False,True
OP434456,False,True
OP434457,False,True
OP434458,False,True
OP434459,False,True
OP434460,False,True
OP434461,False,True
OP434462,False,True
OP434463,False,True
OP434518,True,False
OP441381,True,False
OP453108,True,False
OP455115,True,False
OP455935,True,False
OP455936,False,True
OP455937,False,True
OP455938,False,True
OP455939,False,True
OP455940,False,True
OP480062,True,False
OP480063,True,False
OP481051,True,False
OP481875,True,False
OP484843,True,False
OP484850,True,False
OP484857,True,False
OP484858,True,False
OP485124,True,False
OP490271,False,True
OP490597,True,False
OP491958,True,False
OP491959,False,True
OP493557,False,True
OP493558,False,True
OP494211,True,False
OP494865,False,True
OP495736,True,False
OP503543,False,True
OP503968,False,True
OP503969,False,True
OP503970,False,True
OP503971,False,True
OP503972,False,True
OP503973,False,True
OP503974,False,True
OP503975,False,True
OP503976,False,True
OP503977,False,True
OP503978,False,True
OP503979,False,True
OP503980,False,True
OP503981,False,True
OP503982,False,True
OP503983,False,True
OP503984,False,True
OP503985,False,True
OP503986,False,True
OP503987,False,True
OP503988,False,True
OP503989,False,True
OP503990,False,True
OP503991,False,True
OP503992,False,True
OP503993,False,True
OP503994,False,True
OP503995,False,True
OP508218,True,False
OP515798,True,False
OP534061,False,True
OP535465,True,False
OP535471,True,False
OP535472,True,False
OP542242,True,False
OP547477,True,False
OP547478,True,False
OP548052,True,False
OP555980,True,False
OP555981,True,False
OP555982,True,False
OP556577,True,False
OP557969,True,False
OP557970,True,False
OP558001,True,False
OP558002,True,False
OP558003,True,False
OP558004,True,False
OP558005,True,False
OP559177,False,True
OP559178,False,True
OP559179,False,True
OP562166,True,False
OP562383,True,False
OP572230,True,False
OP580516,False,True
OP580517,False,True
OP580518,False,True
OP583591,True,False
OP583592,True,False
OP583593,True,False
OP583594,True,False
OP583595,True,False
OP584903,False,True
OP584904,False,True
OP585103,True,False
OP585104,True,False
OP585105,True,False
OP588919,True,False
OP589283,True,False
OP589309,True,False
OP590147,True,False
OP594307,False,True
OP594723,True,False
OP595144,True,False
OP595145,True,False
OP595146,True,False
OP595601,True,False
OP595602,True,False
OP596612,True,False
OP596613,True,False
OP596614,True,False
OP596615,True,False
OP599913,True,False
OP610151,True,False
OP611406,True,False
OP611477,True,False
OP617331,True,False
OP617560,True,False
OP617741,True,False
OP617742,True,False
OP617743,True,False
OP617744,True,False
OP617745,True,False
OP617746,True,False
OP617747,True,False
OP617748,True,False
OP620754,True,False
OP620755,True,False
OP620756,True,False
OP620777,True,False
OP620778,True,False
OP626794,True,False
OP626800,True,False
OP627531,True,False
OP628074,True,False
OP628075,False,True
OP628076,False,True
OP630574,True,False
OP630575,True,False
OP630576,True,False
OP646176,False,True
OP650936,True,False
OP650937,False,True
OP651044,False,True
OP661216,False,True
OP661217,False,True
OP676228,False,True
OP684128,True,False
OP686972,True,False
OP688485,True,False
OP697049,True,False
OP709960,True,False
OP712460,True,False
OP712466,True,False
OP712474,True,False
OP712479,True,False
OP714164,True,False
OP718284,True,False
OP727261,True,False
OP729297,True,False
OP734280,True,False
OP743926,True,False
OP744025,True,False
OP745419,False,True
OP745420,False,True
OP745480,True,False
OP745616,True,False
OP745617,True,False
OP745618,True,False
OP745619,True,False
OP745620,True,False
OP745621,True,False
OP745622,True,False
OP748251,True,False
OP748252,True,False
OP750331,False,True
OP751147,False,True
OP751148,False,True
OP751149,False,True
OP751150,False,True
OP751151,False,True
OP751152,False,True
OP751153,False,True
OP751154,False,True
OP751378,True,False
OP753449,False,True
OP753450,False,True
OP753451,False,True
OP753452,False,True
OP753453,False,True
OP756059,True,False
OP764599,True,False
OP764672,True,False
OP777409,False,True
OP778609,True,False
OP778610,True,False
OP779214,False,True
OP784575,True,False
OP784576,True,False
OP785155,True,False
OP792756,True,False
OP793478,True,False
OP793496,True,False
OP793884,True,False
OP795442,True,False
OP795451,True,False
OP797663,True,False
OP797796,True,False
OP797801,False,True
OP807341,False,True
OP807342,False,True
OP807343,False,True
OP807344,False,True
OP807345,False,True
OP807346,False,True
OP807803,True,False
OP810509,True,False
OP811265,True,False
OP819284,True,False
OP819285,True,False
OP820461,False,True
OP820462,False,True
OP820463,False,True
OP820464,False,True
OP820465,False,True
OP820466,False,True
OP820467,False,True
OP820468,False,True
OP820469,False,True
OP820470,False,True
OP820471,False,True
OP820472,False,True
OP820473,False,True
OP820474,False,True
OP820700,True,False
OP820701,True,False
OP820702,True,False
OP828573,True,False
OP829055,True,False
OP831166,True,False
OP831167,True,False
OP831581,False,True
OP850600,True,False
OP852425,True,False
OP856590,True,False
OP856857,False,True
OP866730,True,False
OP867012,True,False
OP867018,False,True
OP867019,False,True
OP867020,False,True
OP867021,False,True
OP867022,False,True
OP867023,False,True
OP867024,False,True
OP867025,False,True
OP867026,False,True
OP867027,False,True
OP869843,False,True
OP869844,False,True
OP869845,False,True
OP869846,False,True
OP869847,False,True
OP869848,False,True
OP869849,False,True
OP869850,False,True
OP869851,False,True
OP869852,False,True
OP869853,False,True
OP869854,False,True
OP869855,False,True
OP870143,True,False
OP870144,True,False
OP870145,True,False
OP870146,True,False
OP870147,True,False
OP875100,True,False
OP875101,True,False
OP880301,True,False
OP880302,True,False
OP882271,True,False
OP883945,True,False
OP889240,False,True
OP889247,True,False
OP894055,False,True
OP894077,False,True
OP910130,False,True
OP910131,False,True
OP910132,False,True
OP910133,False,True
OP917824,True,False
OP917825,True,False
OP917831,True,False
OP917929,True,False
OP918135,True,False
OP918262,True,False
OP918669,False,True
OP921040,True,False
OP921041,True,False
OP924280,True,False
OP924281,True,False
OP924282,True,False
OP924283,True,False
OP924284,True,False
OP924285,True,False
OP924544,True,False
OP940114,False,True
OP946501,True,False
OP946502,True,False
OP947158,True,False
OP947159,True,False
OP947165,True,False
OP947166,True,False
OP947204,False,True
OP947225,True,False
OP947226,True,False
OP947227,True,False
OP948730,True,False
OP953026,True,False
OP957382,True,False
OP961718,False,True
OP961723,False,True
OP961724,False,True
OP961725,False,True
OP961726,False,True
OP961727,False,True
OP961728,False,True
OP961729,False,True
OP961730,False,True
OP961731,False,True
OP966774,True,False
OP966821,True,False
OP970825,True,False
OP970826,True,False
OP970827,True,False
OP978318,True,False
OP978391,True,False
OP985600,False,True
OP985601,False,True
OP985602,False,True
OP991882,True,False
OP991903,True,False
OP999015,True,False
OP999020,True,False
OP999021,True,False
OP999027,True,False
OQ025076,True,False
OQ025229,False,True
OQ025230,False,True
OQ025560,True,False
OQ031071,True,False
OQ031072,True,False
OQ031073,True,False
OQ031074,True,False
OQ031075,True,False
OQ031076,True,False
OQ031491,True,False
OQ031492,True,False
OQ031493,True,False
OQ031494,False,True
OQ031495,True,False
OQ031496,False,True
OQ031658,True,False
OQ032511,True,False
OQ032512,True,False
OQ053201,True,False
OQ055246,True,False
OQ059336,True,False
OQ067112,True,False
OQ067373,True,False
OQ067374,True,False
OQ067375,True,False
OQ067376,True,False
OQ067476,True,False
OQ067477,True,False
OQ067478,True,False
OQ067609,True,False
OQ067610,True,False
OQ076693,True,False
OQ079153,True,False
OQ079154,True,False
OQ079155,True,False
OQ079156,True,False
OQ079410,True,False
OQ079412,True,False
OQ094961,False,True
OQ095915,True,False
OQ095916,True,False
OQ095917,True,False
OQ095918,True,False
OQ095919,True,False
OQ101248,True,False
OQ101249,True,False
OQ101250,True,False
OQ101251,True,False
OQ101252,True,False
OQ101253,True,False
OQ101254,True,False
OQ101255,True,False
OQ101256,True,False
OQ101257,True,False
OQ101258,True,False
OQ101259,True,False
OQ106917,True,False
OQ108497,True,False
OQ116603,True,False
OQ129410,False,True
OQ129411,False,True
OQ129412,False,True
OQ129425,False,True
OQ129426,False,True
OQ134474,True,False
OQ135102,True,False
OQ135103,True,False
OQ135104,True,False
OQ135105,True,False
OQ135106,True,False
OQ137559,True,False
OQ137560,True,False
OQ137561,True,False
OQ137562,True,False
OQ164637,True,False
OQ164647,True,False
OQ174500,True,False
OQ174501,True,False
OQ174502,True,False
OQ174503,True,False
OQ174504,True,False
OQ174505,True,False
OQ174506,True,False
OQ174507,True,False
OQ174508,True,False
OQ174509,True,False
OQ174510,True,False
OQ174511,True,False
OQ181210,True,False
OQ183418,True,False
OQ187816,False,True
OQ190478,False,True
OQ190479,False,True
OQ190480,False,True
OQ190481,False,True
OQ190482,False,True
OQ198717,True,False
OQ198718,True,False
OQ198719,True,False
OQ200059,True,False
OQ201593,False,True
OQ221536,True,False
OQ221537,True,False
OQ221538,True,False
OQ221539,True,False
OQ221540,True,False
OQ221541,True,False
OQ221542,True,False
OQ221543,True,False
OQ221544,True,False
OQ221545,True,False
OQ221546,True,False
OQ221547,True,False
OQ221548,True,False
OQ221549,True,False
OQ221550,True,False
OQ221551,True,False
OQ221552,True,False
OQ221553,True,False
OQ221554,True,False
OQ221555,True,False
OQ221556,True,False
OQ221557,True,False
OQ221558,True,False
OQ221559,True,False
OQ221560,True,False
OQ221563,True,False
OQ223305,True,False
OQ223306,True,False
OQ225162,True,False
OQ225163,True,False
OQ230793,True,False
OQ240252,False,True
OQ240253,False,True
OQ240254,False,True
OQ240255,False,True
OQ240256,False,True
OQ240257,False,True
OQ240258,False,True
OQ240259,False,True
OQ240260,False,True
OQ243220,True,False
OQ243221,True,False
OQ259508,False,True
OQ259509,False,True
OQ259603,True,False
OQ267591,True,False
OQ267592,True,False
OQ267593,True,False
OQ267695,True,False
OQ267696,True,False
OQ268095,True,False
OQ269649,False,True
OQ269668,True,False
OQ291020,True,False
OQ291021,True,False
OQ291022,True,False
OQ291023,True,False
OQ291024,True,False
OQ291025,True,False
OQ291026,True,False
OQ291027,True,False
OQ291028,True,False
OQ291029,True,False
OQ291030,True,False
OQ291031,True,False
OQ291032,True,False
OQ291033,True,False
OQ291034,True,False
OQ291035,True,False
OQ291036,True,False
OQ291037,True,False
OQ291038,True,False
OQ291039,True,False
OQ291040,True,False
OQ291041,True,False
OQ291042,True,False
OQ291043,True,False
OQ291044,True,False
OQ291045,True,False
OQ291046,True,False
OQ291047,True,False
OQ291048,True,False
OQ291049,True,False
OQ291051,True,False
OQ291052,True,False
OQ291053,True,False
OQ291054,True,False
OQ291055,True,False
OQ291056,True,False
OQ291057,True,False
OQ291058,True,False
OQ291059,True,False
OQ291060,True,False
OQ291061,True,False
OQ291062,True,False
OQ291063,True,False
OQ291064,True,False
OQ291065,True,False
OQ291066,True,False
OQ291067,True,False
OQ291068,True,False
OQ291069,True,False
OQ291070,True,False
OQ291071,True,False
OQ291072,True,False
OQ291073,True,False
OQ291074,True,False
OQ291075,True,False
OQ291076,True,False
OQ291077,True,False
OQ291078,True,False
OQ291079,True,False
OQ302138,True,False
OQ302592,False,True
OQ302593,False,True
OQ317942,False,True
OQ319036,True,False
OQ319049,False,True
OQ319120,True,False
OQ319121,True,False
OQ319930,True,False
OQ319931,True,False
OQ319932,True,False
OQ319933,True,False
OQ319934,True,False
OQ319935,True,False
OQ319936,True,False
OQ319937,True,False
OQ319938,True,False
OQ326496,False,True
OQ330849,True,False
OQ330850,True,False
OQ330851,True,False
OQ331036,True,False
OQ338181,True,False
OQ338182,True,False
OQ338183,False,True
OQ338184,False,True
OQ338185,True,False
OQ341635,True,False
OQ349392,True,False
OQ354711,True,False
OQ355699,False,True
OQ355700,False,True
OQ355701,False,True
OQ355702,False,True
OQ355703,False,True
OQ355704,False,True
OQ357823,True,False
OQ359883,True,False
OQ359884,True,False
OQ359885,True,False
OQ359886,True,False
OQ359887,True,False
OQ359888,True,False
OQ359889,True,False
OQ359890,True,False
OQ359891,True,False
OQ359892,True,False
OQ361773,True,False
OQ362005,True,False
OQ363659,True,False
OQ376695,True,False
OQ376857,True,False
OQ376858,True,False
OQ378314,True,False
OQ378339,True,False
OQ378934,True,False
OQ383211,True,False
OQ383322,False,True
OQ383323,False,True
OQ383324,False,True
OQ383325,False,True
OQ383326,False,True
OQ383327,False,True
OQ383328,False,True
OQ383618,True,False
OQ383619,True,False
OQ383620,True,False
OQ383621,True,False
OQ383622,True,False
OQ383623,True,False
OQ389126,True,False
OQ389127,True,False
OQ401623,True,False
OQ401624,True,False
OQ404738,True,False
OQ411014,True,False
OQ411034,False,True
OQ412633,True,False
OQ414635,True,False
OQ414636,True,False
OQ417962,False,True
OQ417963,False,True
OQ417964,False,True
OQ417965,False,True
OQ417966,False,True
OQ417967,False,True
OQ417968,False,True
OQ417969,False,True
OQ417970,False,True
OQ417971,False,True
OQ417972,False,True
OQ417973,False,True
OQ417974,False,True
OQ417975,False,True
OQ417976,False,True
OQ420427,False,True
OQ420740,True,False
OQ427096,True,False
OQ427617,True,False
OQ428188,False,True
OQ428192,True,False
OQ435241,True,False
OQ436521,False,True
OQ442786,True,False
OQ446483,True,False
OQ446484,True,False
OQ446485,True,False
OQ446486,True,False
OQ446487,True,False
OQ446488,True,False
OQ446694,True,False
OQ448193,False,True
OQ448194,False,True
OQ448195,False,True
OQ451773,True,False
OQ466432,True,False
OQ469755,True,False
OQ471969,True,False
OQ473814,True,False
OQ473815,True,False
OQ473816,True,False
OQ503491,True,False
OQ504958,True,False
OQ504960,True,False
OQ504961,True,False
OQ504979,True,False
OQ504980,True,False
OQ504981,True,False
OQ504982,True,False
OQ504983,True,False
OQ504984,True,False
OQ507916,True,False
OQ507919,True,False
OQ508956,True,False
OQ508957,True,False
OQ508958,True,False
OQ515479,True,False
OQ515481,True,False
OQ540923,True,False
OQ540924,True,False
OQ540978,True,False
OQ547903,True,False
OQ555808,False,True
OQ557157,False,True
OQ570641,True,False
OQ571799,True,False
OQ572410,True,False
OQ578993,False,True
OQ578994,False,True
OQ578995,False,True
OQ579022,True,False
OQ579023,True,False
OQ579024,True,False
OQ579025,True,False
OQ579026,True,False
OQ579027,True,False
OQ579028,True,False
OQ579029,True,False
OQ579030,True,False
OQ579031,True,False
OQ579032,True,False
OQ587939,True,False
OQ587940,True,False
OQ587941,True,False
OQ589852,True,False
OQ594352,True,False
OQ594353,True,False
OQ594354,True,False
OQ594355,True,False
OQ594965,True,False
OQ599309,True,False
OQ599310,True,False
OQ622005,True,False
OQ622006,True,False
OQ622092,True,False
OQ622093,True,False
OQ622094,True,False
OQ622095,True,False
OQ622096,True,False
OQ622097,True,False
OQ622254,True,False
OQ623132,False,True
OQ623150,False,True
OQ625504,True,False
OQ626344,True,False
OQ627802,False,True
OQ627803,False,True
OQ627804,False,True
OQ627805,False,True
OQ627806,False,True
OQ627807,False,True
OQ627808,False,True
OQ628262,True,False
OQ632216,True,False
OQ633420,True,False
OQ633473,False,True
OQ646789,True,False
OQ646790,True,False
OQ658779,False,True
OQ660437,True,False
OQ660438,True,False
OQ672741,False,True
OQ672742,False,True
OQ672743,False,True
OQ672744,False,True
OQ672745,False,True
OQ672746,False,True
OQ672747,False,True
OQ672748,False,True
OQ672749,False,True
OQ672750,False,True
OQ672751,False,True
OQ672752,False,True
OQ674082,True,False
OQ674103,True,False
OQ674104,True,False
OQ674105,True,False
OQ674106,True,False
OQ674210,True,False
OQ676962,True,False
OQ680138,True,False
OQ680139,True,False
OQ680478,True,False
OQ680479,True,False
OQ680480,True,False
OQ680481,True,False
OQ680521,True,False
OQ680630,True,False
OQ685900,False,True
OQ687052,False,True
OQ689083,True,False
OQ689084,True,False
OQ689089,True,False
OQ689734,True,False
OQ689735,True,False
OQ703102,True,False
OQ703261,False,True
OQ703618,True,False
OQ703770,True,False
OQ708376,True,False
OQ708377,True,False
OQ709198,False,True
OQ709199,False,True
OQ709200,False,True
OQ709201,False,True
OQ709202,False,True
OQ709203,False,True
OQ709204,False,True
OQ709205,False,True
OQ709206,False,True
OQ709207,False,True
OQ709208,False,True
OQ709209,False,True
OQ709210,False,True
OQ709211,False,True
OQ709212,False,True
OQ709213,False,True
OQ709214,False,True
OQ709215,False,True
OQ709216,False,True
OQ709217,False,True
OQ709218,False,True
OQ709219,False,True
OQ709220,False,True
OQ709221,False,True
OQ709222,False,True
OQ709223,False,True
OQ709224,False,True
OQ709411,True,False
OQ716682,True,False
OQ716796,True,False
OQ717002,False,True
OQ717042,True,False
OQ718158,True,False
OQ718882,True,False
OQ719603,True,False
OQ721909,True,False
OQ721910,True,False
OQ721911,True,False
OQ721912,True,False
OQ721913,True,False
OQ721914,True,False
OQ721915,True,False
OQ722176,True,False
OQ722443,True,False
OQ729741,True,False
OQ729742,True,False
OQ730192,True,False
OQ730212,True,False
OQ734493,True,False
OQ737697,False,True
OQ743452,True,False
OQ743992,True,False
OQ745667,True,False
OQ745668,True,False
OQ756160,True,False
OQ784832,False,True
OQ789245,True,False
OQ790078,True,False
OQ790079,True,False
OQ790080,True,False
OQ790081,True,False
OQ790161,True,False
OQ791220,True,False
OQ791282,True,False
OQ791408,False,True
OQ791410,True,False
OQ808963,True,False
OQ808964,True,False
OQ808965,True,False
OQ817832,True,False
OQ817833,True,False
OQ817834,True,False
OQ817835,True,False
OQ817836,True,False
OQ817837,True,False
OQ817838,True,False
OQ817839,True,False
OQ817840,True,False
OQ817841,True,False
OQ817842,True,False
OQ817843,True,False
OQ817844,True,False
OQ818670,True,False
OQ818694,True,False
OQ818695,True,False
OQ818696,True,False
OQ818697,True,False
OQ818698,True,False
OQ818699,True,False
OQ818700,True,False
OQ818701,True,False
OQ818702,True,False
OQ818703,True,False
OQ818704,True,False
OQ818705,True,False
OQ818706,True,False
OQ818707,True,False
OQ818708,True,False
OQ818709,True,False
OQ819159,True,False
OQ828305,True,False
OQ828306,True,False
OQ829630,True,False
OQ830459,True,False
OQ831052,False,True
OQ831729,True,False
OQ831730,True,False
OQ832096,True,False
OQ834252,True,False
OQ834936,True,False
OQ845957,True,False
OQ845958,True,False
OQ845959,True,False
OQ846916,False,True
OQ849765,True,False
OQ850183,True,False
OQ850970,True,False
OQ850971,True,False
OQ851295,True,False
OQ858564,True,False
OQ858591,True,False
OQ859043,False,True
OQ859044,False,True
OQ859045,False,True
OQ859046,False,True
OQ859047,False,True
OQ859048,False,True
OQ859049,False,True
OQ859050,False,True
OQ859051,False,True
OQ859052,False,True
OQ859053,False,True
OQ859054,False,True
OQ859055,False,True
OQ859056,False,True
OQ859057,False,True
OQ860962,True,False
OQ860963,True,False
OQ860964,True,False
OQ860965,True,False
OQ860966,True,False
OQ860967,True,False
OQ860968,True,False
OQ860969,True,False
OQ860970,True,False
OQ860971,True,False
OQ860972,True,False
OQ860973,True,False
OQ860974,True,False
OQ860975,True,False
OQ860976,True,False
OQ860977,True,False
OQ860978,True,False
OQ860979,True,False
OQ860980,True,False
OQ860981,True,False
OQ860982,True,False
OQ860983,True,False
OQ860984,True,False
OQ860985,True,False
OQ860986,True,False
OQ860987,True,False
OQ863044,False,True
OQ863045,False,True
OQ864999,True,False
OQ866599,False,True
OQ870554,False,True
OQ870566,True,False
OQ870567,True,False
OQ870568,True,False
OQ871555,True,False
OQ871556,True,False
OQ871557,True,False
OQ871562,True,False
OQ871563,True,False
OQ872152,True,False
OQ884026,True,False
OQ884027,True,False
OQ884028,True,False
OQ884029,False,True
OQ884030,False,True
OQ884031,True,False
OQ885479,True,False
OQ915374,False,True
OQ921101,True,False
OQ921102,True,False
OQ921331,True,False
OQ921332,True,False
OQ921333,True,False
OQ921336,False,True
OQ921337,False,True
OQ921338,False,True
OQ921339,False,True
OQ921340,False,True
OQ921341,False,True
OQ921342,False,True
OQ921343,False,True
OQ921344,False,True
OQ921345,False,True
OQ921346,False,True
OQ921347,False,True
OQ921348,False,True
OQ921398,True,False
OQ921725,False,True
OQ925957,True,False
OQ927978,True,False
OQ927986,True,False
OQ938541,True,False
OQ938542,True,False
OQ938574,True,False
OQ938575,False,True
OQ938576,False,True
OQ938577,False,True
OQ938578,False,True
OQ938579,False,True
OQ938580,False,True
OQ938581,False,True
OQ938582,False,True
OQ938583,False,True
OQ938584,False,True
OQ938585,False,True
OQ938586,False,True
OQ938587,False,True
OQ938588,False,True
OQ938589,False,True
OQ938590,False,True
OQ938591,False,True
OQ938592,False,True
OQ938593,False,True
OQ938594,False,True
OQ939567,True,False
OQ939939,True,False
OQ944321,True,False
OQ955832,True,False
OQ957557,True,False
OQ968807,True,False
OQ970155,True,False
OQ970438,False,True
OQ970439,False,True
OQ973471,True,False
OQ974181,True,False
OQ981145,False,True
OQ982387,True,False
OQ985161,False,True
OQ985162,False,True
OQ985163,False,True
OQ985164,False,True
OQ985165,False,True
OQ985166,False,True
OQ985167,False,True
OQ985168,False,True
OQ985169,False,True
OQ985170,False,True
OQ985197,False,True
OQ988004,False,True
OQ990039,True,False
OQ990040,True,False
OQ992551,True,False
OQ992552,True,False
OQ992553,True,False
OQ992554,True,False
OQ992555,True,False
OQ992556,True,False
OQ992557,True,False
OQ992558,True,False
OQ992559,True,False
OQ992560,True,False
OQ992561,True,False
OQ992562,True,False
OQ993070,True,False
OQ995425,False,True
OQ995426,False,True
OQ995427,False,True
OQ995428,False,True
OQ995429,False,True
OQ995430,False,True
OQ995431,False,True
OQ995432,False,True
OQ995433,False,True
OQ995434,False,True
OQ995435,False,True
OQ995436,False,True
OQ995437,False,True
OQ995438,False,True
OQ995439,False,True
OQ995440,False,True
OQ995441,False,True
OQ999171,True,False
OQ999172,False,True
OQ999402,True,False
OR000396,True,False
OR001929,True,False
OR003938,True,False
OR032571,True,False
OR039357,False,True
OR039881,True,False
OR045355,True,False
OR045356,True,False
OR045357,True,False
OR045358,True,False
OR047306,True,False
OR050521,True,False
OR050522,True,False
OR050627,True,False
OR050820,True,False
OR052631,False,True
OR053651,True,False
OR061068,True,False
OR061069,True,False
OR062524,True,False
OR062525,True,False
OR062526,True,False
OR062527,True,False
OR062528,True,False
OR062529,True,False
OR062530,True,False
OR062943,True,False
OR062944,True,False
OR062945,True,False
OR062946,True,False
OR062947,True,False
OR062948,False,True
OR062949,False,True
OR062950,False,True
OR067381,False,True
OR067833,True,False
OR067834,True,False
OR067835,True,False
OR067836,True,False
OR067837,True,False
OR067838,True,False
OR075895,True,False
OR075999,True,False
OR083247,True,False
OR088597,False,True
OR088869,False,True
OR088901,False,True
OR088902,True,False
OR088903,True,False
OR089151,True,False
OR105945,True,False
OR105946,True,False
OR106137,True,False
OR122687,True,False
OR122688,True,False
OR122689,True,False
OR125554,True,False
OR125561,True,False
OR125582,False,True
OR125583,False,True
OR125584,False,True
OR125585,False,True
OR125586,False,True
OR125587,False,True
OR125588,False,True
OR126895,True,False
OR138015,True,False
OR138016,True,False
OR138017,True,False
OR138018,True,False
OR142618,True,False
OR145792,True,False
OR145793,True,False
OR147960,True,False
OR148034,True,False
OR148035,True,False
OR148036,True,False
OR148037,True,False
OR157981,False,True
OR159649,False,True
OR159650,False,True
OR159651,False,True
OR159652,False,True
OR159653,False,True
OR159654,False,True
OR159655,False,True
OR159656,False,True
OR159657,False,True
OR159658,False,True
OR159659,False,True
OR159660,False,True
OR159661,False,True
OR159662,False,True
OR159663,False,True
OR159664,False,True
OR159665,False,True
OR159666,False,True
OR159667,False,True
OR159668,False,True
OR159669,False,True
OR159670,False,True
OR159671,False,True
OR159672,False,True
OR159673,False,True
OR159674,False,True
OR159675,False,True
OR159676,False,True
OR159677,False,True
OR167178,True,False
OR167179,True,False
OR167180,True,False
OR167181,True,False
OR178992,False,True
OR180306,True,False
OR180307,True,False
OR180308,True,False
OR180309,True,False
OR180310,True,False
OR180312,True,False
OR180313,True,False
OR180314,True,False
OR185440,True,False
OR188718,True,False
OR188719,True,False
OR188720,True,False
OR192057,True,False
OR192075,True,False
OR193800,False,True
OR195043,False,True
OR195044,False,True
OR195045,False,True
OR195046,False,True
OR195047,False,True
OR195048,False,True
OR195049,False,True
OR195050,False,True
OR195094,False,True
OR199843,False,True
OR199844,False,True
OR199846,False,True
OR204649,True,False
OR204650,True,False
OR204651,True,False
OR204652,True,False
OR206057,False,True
OR208547,False,True
OR208619,True,False
OR209256,True,False
OR211677,True,False
OR220911,True,False
OR220912,True,False
OR220913,True,False
OR225222,True,False
OR225223,True,False
OR225224,True,False
OR228402,True,False
OR228459,True,False
OR228460,True,False
OR228483,True,False
OR230584,True,False
OR231915,True,False
OR231916,True,False
OR231917,True,False
OR231918,True,False
OR231919,True,False
OR231920,True,False
OR234009,False,True
OR234010,False,True
OR234014,False,True
OR234023,True,False
OR237563,False,True
OR237564,False,True
OR237565,False,True
OR237807,True,False
OR238371,False,True
OR238910,True,False
OR243293,True,False
OR246918,True,False
OR253896,False,True
OR253897,False,True
OR253898,False,True
OR253899,False,True
OR253900,False,True
OR253901,False,True
OR253902,False,True
OR253903,False,True
OR253904,False,True
OR253905,False,True
OR253906,False,True
OR253907,False,True
OR253908,False,True
OR253909,False,True
OR253910,False,True
OR253911,False,True
OR253912,False,True
OR253913,False,True
OR253914,False,True
OR253915,False,True
OR253916,False,True
OR253917,False,True
OR253918,False,True
OR253919,False,True
OR253920,False,True
OR255951,True,False
OR256020,True,False
OR256021,True,False
OR256022,True,False
OR256023,True,False
OR256024,True,False
OR256025,True,False
OR256026,True,False
OR256027,True,False
OR257569,True,False
OR258281,True,False
OR260089,True,False
OR260090,True,False
OR260414,True,False
OR261031,True,False
OR261032,True,False
OR263580,False,True
OR271596,True,False
OR283206,False,True
OR283207,False,True
OR283208,False,True
OR283209,False,True
OR283210,False,True
OR283211,False,True
OR283212,False,True
OR283213,False,True
OR283214,False,True
OR283215,False,True
OR283216,False,True
OR284297,True,False
OR290970,True,False
OR296290,True,False
OR296322,True,False
OR296437,True,False
OR296438,True,False
OR296439,True,False
OR327748,True,False
OR327749,False,True
OR327750,True,False
OR327751,True,False
OR338916,False,True
OR339795,True,False
OR344853,True,False
OR344854,True,False
OR348818,True,False
OR352819,True,False
OR354820,False,True
OR354821,False,True
OR354822,False,True
OR354823,False,True
OR354824,False,True
OR354825,False,True
OR354826,False,True
OR354827,False,True
OR354828,False,True
OR354829,False,True
OR354830,False,True
OR354831,False,True
OR354832,False,True
OR354833,False,True
OR354834,False,True
OR354835,False,True
OR354836,False,True
OR354837,False,True
OR354838,False,True
OR354839,False,True
OR354840,False,True
OR354841,False,True
OR354842,False,True
OR354843,False,True
OR354844,False,True
OR354845,False,True
OR354846,False,True
OR354847,False,True
OR354848,False,True
OR354849,False,True
OR354850,False,True
OR354851,False,True
OR354852,False,True
OR354853,False,True
OR354854,False,True
OR354855,False,True
OR354856,False,True
OR354857,False,True
OR354858,False,True
OR354859,False,True
OR354860,False,True
OR354861,False,True
OR359401,True,False
OR359403,True,False
OR360270,False,True
OR360541,True,False
OR367448,True,False
OR387546,True,False
OR387547,True,False
OR387861,False,True
OR387886,True,False
OR396896,True,False
OR397123,False,True
OR397124,False,True
OR400517,True,False
OR413342,True,False
OR413343,True,False
OR413344,True,False
OR413345,True,False
OR413346,True,False
OR413347,True,False
OR413575,True,False
OR413576,True,False
OR413577,True,False
OR413578,True,False
OR413579,True,False
OR413580,True,False
OR413581,True,False
OR413582,True,False
OR413583,True,False
OR413584,True,False
OR413585,True,False
OR413586,True,False
OR420333,True,False
OR420688,True,False
OR420734,True,False
OR420735,True,False
OR420736,True,False
OR420737,True,False
OR420738,True,False
OR420740,True,False
OR420741,True,False
OR420743,True,False
OR420744,True,False
OR420745,True,False
OR420746,True,False
OR420748,True,False
OR420750,True,False
OR420751,True,False
OR420752,True,False
OR420753,True,False
OR420754,True,False
OR420755,True,False
OR424354,True,False
OR424355,True,False
OR426634,True,False
OR428172,False,True
OR434018,False,True
OR434019,False,True
OR434020,False,True
OR434021,False,True
OR434022,False,True
OR434023,False,True
OR434024,False,True
OR434025,False,True
OR434026,False,True
OR434027,False,True
OR434028,False,True
OR436899,True,False
OR437326,True,False
OR438928,True,False
OR438929,True,False
OR438930,True,False
OR449012,True,False
OR449013,True,False
OR453397,False,True
OR453398,False,True
OR453399,False,True
OR466728,True,False
OR472329,True,False
OR472545,True,False
OR472559,True,False
OR473000,True,False
OR474483,False,True
OR475245,False,True
OR475246,False,True
OR475247,False,True
OR475248,False,True
OR475249,False,True
OR475250,False,True
OR475251,False,True
OR475252,False,True
OR475253,False,True
OR475254,False,True
OR475255,False,True
OR475256,False,True
OR475257,False,True
OR475258,False,True
OR475259,False,True
OR475260,False,True
OR475261,False,True
OR475262,False,True
OR475263,False,True
OR475264,False,True
OR475265,False,True
OR475266,False,True
OR475267,False,True
OR475268,False,True
OR475269,False,True
OR475270,False,True
OR475271,False,True
OR475272,False,True
OR475273,False,True
OR475274,False,True
OR475275,False,True
OR475276,False,True
OR475277,False,True
OR475278,False,True
OR475279,False,True
OR475280,False,True
OR475281,False,True
OR475282,False,True
OR475283,False,True
OR475284,False,True
OR475285,False,True
OR475286,False,True
OR475287,False,True
OR475288,False,True
OR475289,False,True
OR475290,False,True
OR475291,False,True
OR475292,False,True
OR475293,False,True
OR475294,False,True
OR481006,True,False
OR481007,True,False
OR487170,False,True
OR492254,True,False
OR492646,True,False
OR492660,True,False
OR493421,True,False
OR496884,True,False
OR498728,True,False
OR500351,True,False
OR502445,True,False
OR509539,True,False
OR513085,True,False
OR515477,True,False
OR515478,True,False
OR515479,True,False
OR521057,False,True
OR521058,False,True
OR521059,False,True
OR521060,False,True
OR521061,False,True
OR521062,False,True
OR521063,False,True
OR521064,False,True
OR521065,False,True
OR521066,False,True
OR521067,False,True
OR521068,False,True
OR521069,False,True
OR521070,False,True
OR521071,False,True
OR521072,False,True
OR521073,False,True
OR521074,False,True
OR521075,False,True
OR521076,False,True
OR521077,False,True
OR521078,False,True
OR521079,False,True
OR521080,False,True
OR521081,False,True
OR521082,False,True
OR521083,False,True
OR521084,False,True
OR521085,False,True
OR521086,False,True
OR521087,False,True
OR521088,False,True
OR525698,True,False
OR525699,True,False
OR525700,True,False
OR525701,True,False
OR525702,True,False
OR525703,True,False
OR525704,True,False
OR526487,True,False
OR526488,True,False
OR526489,True,False
OR526523,True,False
OR529306,True,False
OR538761,True,False
OR538762,True,False
OR538763,True,False
OR545053,True,False
OR545054,True,False
OR545055,True,False
OR545056,True,False
OR545057,True,False
OR545058,True,False
OR545059,True,False
OR545379,True,False
OR545507,True,False
OR548257,True,False
OR553891,False,True
OR553892,False,True
OR553893,False,True
OR553894,False,True
OR553895,False,True
OR553896,False,True
OR553897,False,True
OR553898,False,True
OR553899,False,True
OR553900,False,True
OR553901,False,True
OR553902,False,True
OR553903,False,True
OR553904,False,True
OR553905,False,True
OR553906,False,True
OR553907,False,True
OR553908,False,True
OR553909,False,True
OR553910,False,True
OR553911,False,True
OR553912,False,True
OR553913,False,True
OR553914,False,True
OR553915,False,True
OR553916,False,True
OR555718,True,False
OR565851,True,False
OR565852,True,False
OR567511,True,False
OR573959,False,True
OR575930,True,False
OR576727,True,False
OR576728,True,False
OR577172,True,False
OR578534,True,False
OR584314,True,False
OR591532,True,False
OR602701,False,True
OR602702,False,True
OR602703,False,True
OR611155,False,True
OR611941,True,False
OR613466,False,True
OR613467,False,True
OR613468,False,True
OR613469,False,True
OR613470,False,True
OR613471,False,True
OR613472,False,True
OR613473,False,True
OR613474,False,True
OR613475,False,True
OR613476,False,True
OR613477,False,True
OR613478,False,True
OR613479,False,True
OR613480,False,True
OR613481,False,True
OR613482,False,True
OR613483,False,True
OR621298,True,False
OR636717,True,False
OR660046,True,False
OR670062,True,False
OR670591,False,True
OR670592,False,True
OR672055,True,False
OR677401,True,False
OR683639,False,True
OR687155,True,False
OR687644,True,False
OR714918,True,False
OR725122,False,True
OR733707,True,False
OR733708,True,False
OR733709,True,False
OR754313,True,False
OR754314,True,False
OR754315,True,False
OR762047,False,True
OR770644,True,False
OR770645,True,False
OR777151,False,True
OR777152,False,True
OR791690,True,False
OR801191,True,False
OR801192,True,False
OR801193,True,False
OU342754,True,False
OU342755,True,False
OU343167,True,False
OU343168,True,False
OU509533,True,False
OU509534,True,False
OU509535,True,False
OU509536,True,False
OU509537,True,False
OU734268,True,False
OV032860,True,False
OV032902,True,False
OV049961,True,False
OV101294,True,False
OV121131,True,False
OV192280,True,False
OV696608,True,False
OV696610,True,False
OV696611,True,False
OV696612,True,False
OV696614,True,False
OV696617,False,True
OV696619,False,True
OV696620,True,False
OV696621,False,True
OV696622,False,True
OV754623,True,False
OV876900,True,False
OV876907,True,False
OV877085,True,False
OV877339,True,False
OV877387,True,False
OV877511,True,False
OV877765,True,False
OV877766,True,False
OW251746,True,False
OW991345,True,False
OW991346,True,False
OX001577,True,False
OX001802,True,False
OX016465,True,False
OX090892,True,False
OX090893,True,False
OX241423,True,False
OX241425,True,False
OX241426,True,False
OX241427,True,False
OX241428,True,False
OX241429,True,False
OX241430,True,False
OX241431,True,False
OX241432,True,False
OX241434,True,False
OX241435,True,False
OX241436,True,False
OX241437,True,False
OX241438,True,False
OX241441,True,False
OX241442,True,False
OX241443,True,False
OX241444,True,False
OX241445,True,False
OX241446,True,False
OX241447,True,False
OX241448,True,False
OX241449,True,False
OX241455,True,False
OX241464,True,False
OX241494,True,False
OX241498,True,False
OX241501,True,False
OX241504,True,False
OX241555,True,False
OX241556,True,False
OX241557,True,False
OX241558,True,False
OX241559,True,False
OX241560,True,False
OX241561,True,False
OX241562,True,False
OX241563,True,False
OX241566,True,False
OX241567,True,False
OX241568,True,False
OX241569,True,False
OX241570,True,False
OX241572,True,False
OX241573,True,False
OX241574,True,False
OX241575,True,False
OX241576,True,False
OX241591,True,False
OX335359,True,False
OX335360,True,False
OX335361,True,False
OX335369,True,False
OX335370,True,False
OX335371,True,False
OX335375,True,False
OX335376,True,False
OX335377,True,False
OX335378,True,False
OX335379,True,False
OX335380,True,False
OX335381,True,False
OX335382,True,False
OX335383,True,False
OX335384,True,False
OX335385,True,False
OX335386,True,False
OX335387,True,False
OX335388,True,False
OX335389,True,False
OX335390,True,False
OX335391,True,False
OX335392,True,False
OX335393,True,False
OX335394,True,False
OX335395,True,False
OX335396,True,False
OX335398,True,False
OX335400,True,False
OX335401,True,False
OX335402,True,False
OX335403,True,False
OX335404,True,False
OX335405,True,False
OX335406,True,False
OX335407,True,False
OX335408,True,False
OX335409,True,False
OX335410,True,False
OX335411,True,False
OX335412,True,False
OX335413,True,False
OX335414,True,False
OX335416,True,False
OX335417,True,False
OX335418,True,False
OX335419,True,False
OX335420,True,False
OX335421,True,False
OX335422,True,False
OX335423,True,False
OX335426,True,False
OX335427,True,False
OX335428,True,False
OX335429,True,False
OX335430,True,False
OX335431,True,False
OX335432,True,False
OX335433,True,False
OX335434,True,False
OX335435,True,False
OX335437,True,False
OX335438,True,False
OX335439,True,False
OX335440,True,False
OX335441,True,False
OX335443,True,False
OX359470,True,False
OX359471,True,False
OX359472,True,False
OX411389,True,False
OX414868,True,False
OX422066,False,True
OX457022,True,False
OX458330,False,True
OX461087,True,False
OX463805,False,True
OX538565,True,False
OX638287,True,False
OX638288,True,False
OX638290,True,False
OX639564,False,True
OY639337,True,False
OY639338,True,False
OY720014,True,False
OY720021,True,False
OY725315,True,False
OY725544,True,False
OY725572,True,False
OY725592,True,False
OY725593,True,False
OY725595,True,False
OY725603,True,False
OY725644,True,False
OY725646,True,False
OY725688,True,False
OY725698,True,False
OY726582,True,False
OY731433,True,False
OY731444,True,False
OY757061,True,False
OY757062,True,False
OY757063,True,False
OY757064,True,False
OY757065,True,False
OY757066,True,False
OY757067,True,False
OY757087,True,False
OY757088,True,False
OY757089,True,False
OY757090,True,False
OY757091,True,False
OY757092,True,False
OY757093,True,False
OY757094,True,False
OY976565,True,False
OY976571,True,False
OY977469,True,False
OY977470,True,False
OY978775,True,False
OY978777,True,False
OY978778,True,False
OY978782,True,False
OY978783,True,False
OY978784,True,False
OY978791,True,False
OY978792,True,False
OY978796,True,False
OY978798,True,False
OY978799,True,False
OY978805,True,False
OY978813,True,False
OY978816,True,False
OY978817,True,False
OY978822,True,False
OY978823,True,False
OY978834,True,False
OY978835,True,False
OY978837,True,False
OY978840,True,False
OY978848,True,False
OY978856,True,False
OY978857,True,False
OY978870,True,False
OY978873,True,False
OY978897,True,False
OY979391,True,False
OY979392,True,False
OY979393,True,False
OY979394,True,False
OY979396,True,False
OY979398,True,False
OY979399,True,False
OY979400,True,False
OY979402,True,False
OY979410,True,False
OY979411,True,False
OY979413,True,False
OY979414,True,False
OY979415,True,False
OY979416,True,False
OY979417,True,False
OY979418,True,False
OY979420,True,False
OY979421,True,False
OY979424,True,False
OY979426,True,False
OY979427,True,False
OY979429,True,False
OY979433,True,False
OY979434,True,False
OY979435,True,False
OY979469,True,False
OY979480,True,False
OY979481,True,False
OY979482,True,False
OY979771,True,False
U02303,True,False
U24159,True,False
U32222,True,False
U88974,False,True
V01146,True,False
X07234,True,False
X51344,False,True
X58839,True,False
X60322,True,False
X60323,True,False
X80191,True,False
X96987,False,True
X97918,False,True
X98106,False,True
X99260,False,True
Y13918,True,False
Z47794,False,True
